CMHC,1.75,2018-Jun-15,101.35,0.77,,2 Year,0.5,2019-Feb-01,99.47,0.76,,Ontario Prov,0,2018-Jun-02,98.49,1.13,,G-W Lifeco,5.691,2067-Jun-21,100.36,4.76,,Alberta,4,2019-Dec-01,107.54,1.3
Canada,1.5,2017-Mar-01,100.12,0.36,,5 Year,0.75,2021-Sep-01,98.31,1.13,,TransAlta Co,0,2019-Nov-18,90.48,3.59,,TD Cap Tr,10,2108-Jun-30,132.14,7.11,,Alberta,2.2,2026-Jun-01,96.9,2.58
Canada,0.25,2017-May-01,99.93,0.53,,10 Year,1.5,2026-Jun-01,97.94,1.74,,Sunlife Fin,0,2023-Jan-30,98.5,1.5,,Cdn Westn Bk,2.751,2020-Jun-29,101.31,2.35,,Ontario Prov,1.9,2017-Sep-08,100.75,0.67
Canada,4,2017-Jun-01,101.23,0.5,,20 Year,5,2037-Jun-01,142.6,2.35,,Ontario Prov,0,2017-Dec-02,99.34,0.78,,Home Trst,2.28,2018-Mar-06,100.26,2.04,,Ontario Prov,4,2021-Jun-02,109.85,1.65
Canada,1.25,2017-Aug-01,100.36,0.56,,30 Year,2.75,2048-Dec-01,108.32,2.38,,Ontario Prov,0,2018-Dec-02,97.5,1.37,,Bell CDA,2.9,2026-Aug-12,97.19,3.24,,Ontario Prov,2.85,2023-Jun-02,104.66,2.06
Canada,1.5,2017-Sep-01,100.55,0.58,,,,,,,,,,,,,,,,,,,,,,,,
Canada,0.25,2017-Nov-01,99.72,0.61,,,,,,,,,,,,,,,,,,,,,,,,
Canada,1.25,2018-Feb-01,100.64,0.62,,,,,,,,,,,,,,,,,,,,,,,,
Canada,1.25,2018-Mar-01,100.67,0.64,,,,,,,,,,,,,,,,,,,,,,,,
Canada,0.25,2018-May-01,99.48,0.66,,,,,,,,,,,,,,,,,,,,,,,,
Canada,4.25,2018-Jun-01,104.79,0.69,,,,,,,,,,,,,,,,,,,,,,,,
Canada,0.5,2018-Aug-01,99.68,0.71,,,,,,,,,,,,,,,,,,,,,,,,
Canada,1.25,2018-Sep-01,100.82,0.73,,,,,,,,,,,,,,,,,,,,,,,,
Canada,0.5,2018-Nov-01,99.59,0.74,,,,,,,,,,,,,,,,,,,,,,,,
Canada,0.5,2019-Feb-01,99.47,0.76,,,,,,,,,,,,,,,,,,,,,,,,
Canada,1.75,2019-Mar-01,102.05,0.76,,,,,,,,,,,,,,,,,,,,,,,,
Canada,3.75,2019-Jun-01,106.89,0.79,,,,,,,,,,,,,,,,,,,,,,,,
Canada,1.75,2019-Sep-01,102.35,0.83,,,,,,,,,,,,,,,,,,,,,,,,
Canada,1.5,2020-Mar-01,101.73,0.93,,,,,,,,,,,,,,,,,,,,,,,,
Canada,3.5,2020-Jun-01,108.34,0.96,,,,,,,,,,,,,,,,,,,,,,,,
Canada,0.75,2020-Sep-01,99.08,1.01,,,,,,,,,,,,,,,,,,,,,,,,
Canada,0.75,2021-Mar-01,98.69,1.08,,,,,,,,,,,,,,,,,,,,,,,,
Canada,10.5,2021-Mar-15,137.98,1.08,,,,,,,,,,,,,,,,,,,,,,,,
Canada,3.25,2021-Jun-01,109.1,1.1,,,,,,,,,,,,,,,,,,,,,,,,
Canada,9.75,2021-Jun-01,136.77,1.07,,,,,,,,,,,,,,,,,,,,,,,,
Canada,0.75,2021-Sep-01,98.31,1.13,,,,,,,,,,,,,,,,,,,,,,,,
Canada,0.5,2022-Mar-01,96.58,1.19,,,,,,,,,,,,,,,,,,,,,,,,
Canada,2.75,2022-Jun-01,107.75,1.25,,,,,,,,,,,,,,,,,,,,,,,,
Canada,9.25,2022-Jun-01,141.36,1.23,,,,,,,,,,,,,,,,,,,,,,,,
Canada,1.5,2023-Jun-01,100.57,1.41,,,,,,,,,,,,,,,,,,,,,,,,
Canada,8,2023-Jun-01,140,1.39,,,,,,,,,,,,,,,,,,,,,,,,
Canada,2.5,2024-Jun-01,106.71,1.53,,,,,,,,,,,,,,,,,,,,,,,,
Canada,2.25,2025-Jun-01,104.7,1.64,,,,,,,,,,,,,,,,,,,,,,,,
Canada,9,2025-Jun-01,157.4,1.62,,,,,,,,,,,,,,,,,,,,,,,,
Canada,1.5,2026-Jun-01,97.94,1.74,,,,,,,,,,,,,,,,,,,,,,,,
Canada,1,2027-Jun-01,92,1.85,,,,,,,,,,,,,,,,,,,,,,,,
Canada,8,2027-Jun-01,157.89,1.83,,,,,,,,,,,,,,,,,,,,,,,,
Canada,5.75,2029-Jun-01,140.52,2.02,,,,,,,,,,,,,,,,,,,,,,,,
Canada,5.75,2033-Jun-01,147.9,2.24,,,,,,,,,,,,,,,,,,,,,,,,
Canada,5,2037-Jun-01,142.6,2.35,,,,,,,,,,,,,,,,,,,,,,,,
Canada,4,2041-Jun-01,129.25,2.41,,,,,,,,,,,,,,,,,,,,,,,,
Canada,3.5,2045-Dec-01,122.66,2.41,,,,,,,,,,,,,,,,,,,,,,,,
Canada,2.75,2048-Dec-01,108.32,2.38,,,,,,,,,,,,,,,,,,,,,,,,
Canada,2.75,2064-Dec-01,111.3,2.35,,,,,,,,,,,,,,,,,,,,,,,,
Cda House Tr,2.05,2017-Jun-15,100.57,0.59,,,,,,,,,,,,,,,,,,,,,,,,
Cda House Tr,1.7,2017-Dec-15,100.91,0.67,,,,,,,,,,,,,,,,,,,,,,,,
Cda House Tr,2.05,2018-Jun-15,101.76,0.77,,,,,,,,,,,,,,,,,,,,,,,,
Cda House Tr,2.35,2018-Dec-15,102.73,0.89,,,,,,,,,,,,,,,,,,,,,,,,
Cda House Tr,4.1,2018-Dec-15,106,0.89,,,,,,,,,,,,,,,,,,,,,,,,
Cda House Tr,1.95,2019-Jun-15,102.2,1.01,,,,,,,,,,,,,,,,,,,,,,,,
Cda House Tr,2,2019-Dec-15,102.47,1.13,,,,,,,,,,,,,,,,,,,,,,,,
Cda House Tr,3.75,2020-Mar-15,107.9,1.18,,,,,,,,,,,,,,,,,,,,,,,,
Cda House Tr,1.2,2020-Jun-15,99.83,1.25,,,,,,,,,,,,,,,,,,,,,,,,
Cda House Tr,1.45,2020-Jun-15,100.63,1.26,,,,,,,,,,,,,,,,,,,,,,,,
Cda House Tr,1.25,2020-Dec-15,99.47,1.39,,,,,,,,,,,,,,,,,,,,,,,,
Cda House Tr,3.35,2020-Dec-15,107.39,1.39,,,,,,,,,,,,,,,,,,,,,,,,
Cda House Tr,1.25,2021-Jun-15,98.96,1.49,,,,,,,,,,,,,,,,,,,,,,,,
Cda House Tr,3.8,2021-Jun-15,109.8,1.49,,,,,,,,,,,,,,,,,,,,,,,,
Cda House Tr,1.15,2021-Dec-15,98.03,1.57,,,,,,,,,,,,,,,,,,,,,,,,
Cda House Tr,1.5,2021-Dec-15,99.67,1.57,,,,,,,,,,,,,,,,,,,,,,,,
Cda House Tr,2.65,2022-Mar-15,105.03,1.63,,,,,,,,,,,,,,,,,,,,,,,,
Cda House Tr,2.4,2022-Dec-15,103.75,1.73,,,,,,,,,,,,,,,,,,,,,,,,
Cda House Tr,2.35,2023-Sep-15,103.16,1.84,,,,,,,,,,,,,,,,,,,,,,,,
Cda House Tr,3.15,2023-Sep-15,108.13,1.84,,,,,,,,,,,,,,,,,,,,,,,,
Cda House Tr,2.9,2024-Jun-15,106.34,1.97,,,,,,,,,,,,,,,,,,,,,,,,
Cda House Tr,2.55,2025-Mar-15,103.46,2.08,,,,,,,,,,,,,,,,,,,,,,,,
Cda House Tr,1.95,2025-Dec-15,98.25,2.17,,,,,,,,,,,,,,,,,,,,,,,,
Cda House Tr,2.25,2025-Dec-15,100.64,2.17,,,,,,,,,,,,,,,,,,,,,,,,
Cda House Tr,1.9,2026-Sep-15,96.96,2.25,,,,,,,,,,,,,,,,,,,,,,,,
Cda House Tr,1.9,2026-Sep-15,96.66,2.29,,,,,,,,,,,,,,,,,,,,,,,,
,,,,,,,,,,,,,,,,,,,,,,,,,,,,
Alberta,1.7,2017-Dec-15,100.86,0.72,,,,,,,,,,,,,,,,,,,,,,,,
Alberta,2,2019-Jun-01,101.94,1.16,,,,,,,,,,,,,,,,,,,,,,,,
Alberta,4,2019-Dec-01,107.54,1.3,,,,,,,,,,,,,,,,,,,,,,,,
Alberta,3.4,2023-Dec-01,107.76,2.17,,,,,,,,,,,,,,,,,,,,,,,,
Alberta,2.85,2024-Jan-19,104.13,2.21,,,,,,,,,,,,,,,,,,,,,,,,
Alberta,2.2,2026-Jun-01,96.9,2.58,,,,,,,,,,,,,,,,,,,,,,,,
Alberta,2.9,2029-Sep-20,99.7,2.93,,,,,,,,,,,,,,,,,,,,,,,,
Alberta,3.9,2033-Dec-01,108.47,3.24,,,,,,,,,,,,,,,,,,,,,,,,
Alberta,4.5,2040-Dec-01,118.27,3.38,,,,,,,,,,,,,,,,,,,,,,,,
Alberta,3.45,2043-Dec-01,101.28,3.38,,,,,,,,,,,,,,,,,,,,,,,,
Alberta,3.3,2046-Dec-01,98.56,3.38,,,,,,,,,,,,,,,,,,,,,,,,
BC Prov,4.7,2017-Dec-01,103.38,0.69,,,,,,,,,,,,,,,,,,,,,,,,
BC Prov,4.65,2018-Dec-18,106.87,0.98,,,,,,,,,,,,,,,,,,,,,,,,
BC Prov,2.25,2019-Mar-01,102.5,1.04,,,,,,,,,,,,,,,,,,,,,,,,
BC Prov,5.3,2019-Jun-17,109.74,1.16,,,,,,,,,,,,,,,,,,,,,,,,
BC Prov,2.7,2020-Dec-18,104.7,1.46,,,,,,,,,,,,,,,,,,,,,,,,
BC Prov,3.7,2020-Dec-18,108.5,1.45,,,,,,,,,,,,,,,,,,,,,,,,
BC Prov,8,2023-Sep-08,136.28,2.1,,,,,,,,,,,,,,,,,,,,,,,,
BC Prov,9,2024-Aug-23,146.4,2.29,,,,,,,,,,,,,,,,,,,,,,,,
BC Prov,6.15,2027-Nov-19,133.33,2.6,,,,,,,,,,,,,,,,,,,,,,,,
BC Prov,5.7,2029-Jun-18,130.54,2.77,,,,,,,,,,,,,,,,,,,,,,,,
BC Prov,6.35,2031-Jun-18,140.63,2.88,,,,,,,,,,,,,,,,,,,,,,,,
BC Prov,5.4,2035-Jun-18,132.31,3.09,,,,,,,,,,,,,,,,,,,,,,,,
BC Prov,4.3,2042-Jun-18,118.8,3.21,,,,,,,,,,,,,,,,,,,,,,,,
BC Prov,3.2,2044-Jun-18,99.67,3.22,,,,,,,,,,,,,,,,,,,,,,,,
Cda Post,4.08,2025-Jul-16,114.25,2.23,,,,,,,,,,,,,,,,,,,,,,,,
Fin Quebec,3.5,2017-Dec-01,102.36,0.71,,,,,,,,,,,,,,,,,,,,,,,,
Fin Quebec,2.4,2018-Dec-01,102.54,1.01,,,,,,,,,,,,,,,,,,,,,,,,
Fin Quebec,2.45,2019-Dec-01,103.16,1.32,,,,,,,,,,,,,,,,,,,,,,,,
Fin Quebec,5.25,2034-Jun-01,125.34,3.32,,,,,,,,,,,,,,,,,,,,,,,,
HydroQuebec,5.5,2018-Aug-15,106.94,1,,,,,,,,,,,,,,,,,,,,,,,,
HydroQuebec,1,2019-May-25,99.63,1.16,,,,,,,,,,,,,,,,,,,,,,,,
HydroQuebec,11,2020-Aug-15,132.66,1.53,,,,,,,,,,,,,,,,,,,,,,,,
HydroQuebec,10.5,2021-Oct-15,139.08,1.82,,,,,,,,,,,,,,,,,,,,,,,,
HydroQuebec,6,2031-Aug-15,134.22,3.07,,,,,,,,,,,,,,,,,,,,,,,,
HydroQuebec,6.5,2035-Jan-16,143.38,3.29,,,,,,,,,,,,,,,,,,,,,,,,
HydroQuebec,6.5,2035-Feb-15,143.64,3.28,,,,,,,,,,,,,,,,,,,,,,,,
HydroQuebec,6,2040-Feb-15,143.39,3.3,,,,,,,,,,,,,,,,,,,,,,,,
HydroQuebec,5,2050-Feb-15,134.32,3.29,,,,,,,,,,,,,,,,,,,,,,,,
HydroQuebec,4,2055-Feb-15,115.56,3.28,,,,,,,,,,,,,,,,,,,,,,,,
Manitoba,1.85,2017-Jun-01,100.44,0.6,,,,,,,,,,,,,,,,,,,,,,,,
Manitoba,4.7,2017-Sep-22,102.61,0.69,,,,,,,,,,,,,,,,,,,,,,,,
Manitoba,1.85,2018-Sep-05,101.41,0.97,,,,,,,,,,,,,,,,,,,,,,,,
Manitoba,5.5,2018-Nov-15,108,1.01,,,,,,,,,,,,,,,,,,,,,,,,
Manitoba,1.15,2019-Nov-21,99.66,1.27,,,,,,,,,,,,,,,,,,,,,,,,
Manitoba,4.75,2020-Feb-11,110.01,1.38,,,,,,,,,,,,,,,,,,,,,,,,
Manitoba,1.6,2020-Sep-05,100.42,1.48,,,,,,,,,,,,,,,,,,,,,,,,
Manitoba,1.55,2021-Sep-05,99.63,1.63,,,,,,,,,,,,,,,,,,,,,,,,
Manitoba,3.85,2021-Dec-01,109.72,1.75,,,,,,,,,,,,,,,,,,,,,,,,
Manitoba,3.3,2024-Jun-02,106.76,2.3,,,,,,,,,,,,,,,,,,,,,,,,
Manitoba,2.45,2025-Jun-02,100.11,2.43,,,,,,,,,,,,,,,,,,,,,,,,
Manitoba,4.4,2025-Sep-05,114.55,2.51,,,,,,,,,,,,,,,,,,,,,,,,
Manitoba,2.55,2026-Jun-02,99.67,2.59,,,,,,,,,,,,,,,,,,,,,,,,
Manitoba,3.25,2029-Sep-05,102.82,2.98,,,,,,,,,,,,,,,,,,,,,,,,
Manitoba,4.6,2038-Mar-05,117.68,3.42,,,,,,,,,,,,,,,,,,,,,,,,
Manitoba,4.65,2040-Mar-05,119.05,3.45,,,,,,,,,,,,,,,,,,,,,,,,
Manitoba,4.05,2045-Sep-05,112.03,3.39,,,,,,,,,,,,,,,,,,,,,,,,
Manitoba,2.85,2046-Sep-05,89.33,3.43,,,,,,,,,,,,,,,,,,,,,,,,
Manitoba,4.7,2050-Mar-05,125.04,3.43,,,,,,,,,,,,,,,,,,,,,,,,
NewBrunswick,4.45,2018-Mar-26,104.17,0.85,,,,,,,,,,,,,,,,,,,,,,,,
NewBrunswick,4.4,2019-Jun-03,107.37,1.22,,,,,,,,,,,,,,,,,,,,,,,,
NewBrunswick,4.5,2020-Jun-02,109.85,1.48,,,,,,,,,,,,,,,,,,,,,,,,
NewBrunswick,3.35,2021-Dec-03,107.23,1.79,,,,,,,,,,,,,,,,,,,,,,,,
NewBrunswick,1.55,2022-May-04,98.27,1.9,,,,,,,,,,,,,,,,,,,,,,,,
NewBrunswick,2.85,2023-Jun-02,104.12,2.15,,,,,,,,,,,,,,,,,,,,,,,,
NewBrunswick,5.65,2028-Dec-27,126.34,3,,,,,,,,,,,,,,,,,,,,,,,,
NewBrunswick,5.5,2034-Jan-27,127.46,3.37,,,,,,,,,,,,,,,,,,,,,,,,
NewBrunswick,4.8,2039-Sep-26,120.04,3.51,,,,,,,,,,,,,,,,,,,,,,,,
NewBrunswick,4.8,2041-Jun-03,120.78,3.52,,,,,,,,,,,,,,,,,,,,,,,,
NewBrunswick,3.55,2043-Jun-03,99.39,3.59,,,,,,,,,,,,,,,,,,,,,,,,
NewBrunswick,3.8,2045-Aug-14,104.02,3.57,,,,,,,,,,,,,,,,,,,,,,,,
NewBrunswick,3.1,2048-Aug-14,91.81,3.53,,,,,,,,,,,,,,,,,,,,,,,,
NewBrunswick,3.55,2055-Jun-03,98.76,3.61,,,,,,,,,,,,,,,,,,,,,,,,
Newfoundland,1.95,2022-Jun-02,99.59,2.03,,,,,,,,,,,,,,,,,,,,,,,,
Newfoundland,6.55,2030-Oct-17,133.64,3.45,,,,,,,,,,,,,,,,,,,,,,,,
Newfoundland,5.6,2033-Oct-17,124.31,3.65,,,,,,,,,,,,,,,,,,,,,,,,
Newfoundland,5.7,2035-Oct-17,126.57,3.72,,,,,,,,,,,,,,,,,,,,,,,,
Newfoundland,4.5,2037-Apr-17,110.26,3.77,,,,,,,,,,,,,,,,,,,,,,,,
Newfoundland,4.65,2040-Oct-17,113.29,3.8,,,,,,,,,,,,,,,,,,,,,,,,
Newfoundland,3.3,2046-Oct-17,90.89,3.81,,,,,,,,,,,,,,,,,,,,,,,,
Newfoundland,3.7,2048-Oct-17,97.74,3.82,,,,,,,,,,,,,,,,,,,,,,,,
NfldLabHydro,3.6,2045-Dec-01,95.46,3.86,,,,,,,,,,,,,,,,,,,,,,,,
Nova Scotia,4.15,2019-Nov-25,107.83,1.32,,,,,,,,,,,,,,,,,,,,,,,,
Nova Scotia,2.15,2025-Jun-01,97.54,2.48,,,,,,,,,,,,,,,,,,,,,,,,
Nova Scotia,6.6,2027-Jun-01,135.08,2.69,,,,,,,,,,,,,,,,,,,,,,,,
Nova Scotia,6.6,2031-Dec-01,140.32,3.17,,,,,,,,,,,,,,,,,,,,,,,,
Nova Scotia,5.8,2033-Jun-01,131.84,3.27,,,,,,,,,,,,,,,,,,,,,,,,
Nova Scotia,4.5,2037-Jun-01,116.33,3.38,,,,,,,,,,,,,,,,,,,,,,,,
Nova Scotia,4.7,2041-Jun-01,120.74,3.44,,,,,,,,,,,,,,,,,,,,,,,,
Nova Scotia,3.45,2045-Jun-01,100.2,3.44,,,,,,,,,,,,,,,,,,,,,,,,
Ont Elec Fin,10,2020-Feb-06,125.38,1.42,,,,,,,,,,,,,,,,,,,,,,,,
Ont Elec Fin,8.5,2025-May-26,144.84,2.5,,,,,,,,,,,,,,,,,,,,,,,,
Ont Elec Fin,9,2025-May-26,148.71,2.49,,,,,,,,,,,,,,,,,,,,,,,,
Ont Elec Fin,8.25,2026-Jun-22,145.97,2.69,,,,,,,,,,,,,,,,,,,,,,,,
Ontario Prov,4.3,2017-Mar-08,100.46,0.48,,,,,,,,,,,,,,,,,,,,,,,,
Ontario Prov,2.1,2018-Sep-08,101.79,0.98,,,,,,,,,,,,,,,,,,,,,,,,
Ontario Prov,4.4,2019-Jun-02,107.48,1.17,,,,,,,,,,,,,,,,,,,,,,,,
Ontario Prov,5.35,2019-Jun-02,109.74,1.14,,,,,,,,,,,,,,,,,,,,,,,,
Ontario Prov,2.1,2019-Sep-08,102.19,1.25,,,,,,,,,,,,,,,,,,,,,,,,
Ontario Prov,4.2,2020-Jun-02,109.02,1.43,,,,,,,,,,,,,,,,,,,,,,,,
Ontario Prov,4.85,2020-Jun-02,111.11,1.44,,,,,,,,,,,,,,,,,,,,,,,,
Ontario Prov,9.5,2022-Jul-13,139.14,1.92,,,,,,,,,,,,,,,,,,,,,,,,
Ontario Prov,1.95,2023-Jan-27,99.96,1.96,,,,,,,,,,,,,,,,,,,,,,,,
Ontario Prov,8.1,2023-Sep-08,136.62,2.14,,,,,,,,,,,,,,,,,,,,,,,,
Ontario Prov,7.5,2024-Feb-07,134.05,2.24,,,,,,,,,,,,,,,,,,,,,,,,
Ontario Prov,3.5,2024-Jun-02,108.33,2.26,,,,,,,,,,,,,,,,,,,,,,,,
Ontario Prov,9.5,2025-Jun-02,154.32,2.31,,,,,,,,,,,,,,,,,,,,,,,,
Ontario Prov,8.5,2025-Dec-02,146.92,2.55,,,,,,,,,,,,,,,,,,,,,,,,
Ontario Prov,2.4,2026-Jun-02,98.93,2.53,,,,,,,,,,,,,,,,,,,,,,,,
Ontario Prov,8,2026-Jun-02,146.19,2.44,,,,,,,,,,,,,,,,,,,,,,,,
Ontario Prov,7.6,2027-Jun-02,145.39,2.58,,,,,,,,,,,,,,,,,,,,,,,,
Ontario Prov,6.25,2028-Aug-25,132.46,2.93,,,,,,,,,,,,,,,,,,,,,,,,
Ontario Prov,6.5,2029-Mar-08,137.12,2.85,,,,,,,,,,,,,,,,,,,,,,,,
Ontario Prov,6.2,2031-Jun-02,137.04,3,,,,,,,,,,,,,,,,,,,,,,,,
Ontario Prov,5.6,2035-Jun-02,133.4,3.18,,,,,,,,,,,,,,,,,,,,,,,,
Ontario Prov,4.6,2039-Jun-02,120.95,3.27,,,,,,,,,,,,,,,,,,,,,,,,
Ontario Prov,5.65,2039-Jul-13,134.94,3.41,,,,,,,,,,,,,,,,,,,,,,,,
Ontario Prov,4.65,2041-Jun-02,122.78,3.28,,,,,,,,,,,,,,,,,,,,,,,,
Ontario Prov,3.5,2043-Jun-02,103.63,3.29,,,,,,,,,,,,,,,,,,,,,,,,
Ontario Prov,3.45,2045-Jun-02,102.62,3.31,,,,,,,,,,,,,,,,,,,,,,,,
Ontario Prov,2.9,2046-Dec-02,92.46,3.3,,,,,,,,,,,,,,,,,,,,,,,,
Ontario Prov,2.8,2048-Jun-02,91.2,3.25,,,,,,,,,,,,,,,,,,,,,,,,
Quebec,4.5,2017-Dec-01,103.2,0.72,,,,,,,,,,,,,,,,,,,,,,,,
Quebec,4.5,2018-Dec-01,106.41,0.99,,,,,,,,,,,,,,,,,,,,,,,,
Quebec,4.5,2019-Dec-01,108.96,1.29,,,,,,,,,,,,,,,,,,,,,,,,
Quebec,4.5,2020-Dec-01,111.08,1.52,,,,,,,,,,,,,,,,,,,,,,,,
Quebec,3.5,2022-Dec-01,108.62,1.93,,,,,,,,,,,,,,,,,,,,,,,,
Quebec,9.375,2023-Jan-16,141.32,2,,,,,,,,,,,,,,,,,,,,,,,,
Quebec,3,2023-Sep-01,105.61,2.09,,,,,,,,,,,,,,,,,,,,,,,,
Quebec,3.75,2024-Sep-01,110.13,2.29,,,,,,,,,,,,,,,,,,,,,,,,
Quebec,2.75,2025-Sep-01,102.38,2.44,,,,,,,,,,,,,,,,,,,,,,,,
Quebec,5.5,2026-Apr-01,123.2,2.64,,,,,,,,,,,,,,,,,,,,,,,,
Quebec,8.5,2026-Apr-01,147.85,2.61,,,,,,,,,,,,,,,,,,,,,,,,
Quebec,2.5,2026-Sep-01,99.67,2.54,,,,,,,,,,,,,,,,,,,,,,,,
Quebec,6,2029-Oct-01,132.63,2.9,,,,,,,,,,,,,,,,,,,,,,,,
Quebec,6.25,2032-Jun-01,138.22,3.1,,,,,,,,,,,,,,,,,,,,,,,,
Quebec,5.75,2036-Dec-01,136.01,3.27,,,,,,,,,,,,,,,,,,,,,,,,
Quebec,5,2038-Dec-01,126.35,3.3,,,,,,,,,,,,,,,,,,,,,,,,
Quebec,5,2041-Dec-01,128.2,3.32,,,,,,,,,,,,,,,,,,,,,,,,
Quebec,3.5,2045-Dec-01,103.32,3.32,,,,,,,,,,,,,,,,,,,,,,,,
Quebec,3.5,2048-Dec-01,103.99,3.3,,,,,,,,,,,,,,,,,,,,,,,,
Saskatchewan,4.65,2017-Sep-05,102.41,0.67,,,,,,,,,,,,,,,,,,,,,,,,
Saskatchewan,1.95,2019-Mar-01,101.81,1.07,,,,,,,,,,,,,,,,,,,,,,,,
Saskatchewan,5.5,2019-Jun-17,110.46,1.06,,,,,,,,,,,,,,,,,,,,,,,,
Saskatchewan,2.55,2026-Jun-02,99.71,2.58,,,,,,,,,,,,,,,,,,,,,,,,
Saskatchewan,5.75,2029-Mar-05,128.76,2.91,,,,,,,,,,,,,,,,,,,,,,,,
Saskatchewan,6.4,2031-Sep-05,138.69,3.09,,,,,,,,,,,,,,,,,,,,,,,,
Saskatchewan,5.8,2033-Sep-05,133.3,3.2,,,,,,,,,,,,,,,,,,,,,,,,
Saskatchewan,5.6,2035-Sep-05,132.23,3.27,,,,,,,,,,,,,,,,,,,,,,,,
Saskatchewan,5,2037-Mar-05,124.51,3.32,,,,,,,,,,,,,,,,,,,,,,,,
Saskatchewan,3.9,2045-Jun-02,109.96,3.35,,,,,,,,,,,,,,,,,,,,,,,,
,,,,,,,,,,,,,,,,,,,,,,,,,,,,
407 Intl,2.43,2027-May-04,97.75,2.68,,,,,,,,,,,,,,,,,,,,,,,,
407 Intl,5.96,2035-Dec-03,133.13,3.54,,,,,,,,,,,,,,,,,,,,,,,,
407 Intl,5.75,2036-Feb-14,126.32,3.8,,,,,,,,,,,,,,,,,,,,,,,,
407 Intl,3.83,2046-May-11,101.63,3.74,,,,,,,,,,,,,,,,,,,,,,,,
407 Intl,3.98,2052-Sep-11,103.55,3.8,,,,,,,,,,,,,,,,,,,,,,,,
Ali Cou Tard,2.861,2017-Nov-01,101.34,1.09,,,,,,,,,,,,,,,,,,,,,,,,
Ali Cou Tard,3.319,2019-Nov-01,104.28,1.73,,,,,,,,,,,,,,,,,,,,,,,,
Ali Cou Tard,3.899,2022-Nov-01,107.07,2.57,,,,,,,,,,,,,,,,,,,,,,,,
Altagas Svc,4.6,2018-Jan-15,103.24,1.24,,,,,,,,,,,,,,,,,,,,,,,,
Altagas Svc,3.72,2021-Sep-28,106.4,2.27,,,,,,,,,,,,,,,,,,,,,,,,
Altagas Svc,4.12,2026-Apr-07,106.77,3.26,,,,,,,,,,,,,,,,,,,,,,,,
Altalink,3.621,2020-Sep-17,107.04,1.62,,,,,,,,,,,,,,,,,,,,,,,,
Altalink,3.668,2023-Nov-06,109.02,2.23,,,,,,,,,,,,,,,,,,,,,,,,
Altalink,2.747,2026-May-29,100.52,2.68,,,,,,,,,,,,,,,,,,,,,,,,
Altalink,4.462,2041-Nov-08,111.48,3.75,,,,,,,,,,,,,,,,,,,,,,,,
Altalink,3.717,2046-Jun-03,98.58,3.8,,,,,,,,,,,,,,,,,,,,,,,,
Amex Cda Cr,2.31,2018-Mar-29,101.34,1.16,,,,,,,,,,,,,,,,,,,,,,,,
BMO,2.39,2017-Jul-12,100.66,0.96,,,,,,,,,,,,,,,,,,,,,,,,
BMO,4.55,2017-Aug-01,101.84,0.98,,,,,,,,,,,,,,,,,,,,,,,,
BMO,6.02,2018-May-02,106.04,1.2,,,,,,,,,,,,,,,,,,,,,,,,
BMO,2.43,2019-Mar-04,102.15,1.39,,,,,,,,,,,,,,,,,,,,,,,,
BMO,2.84,2020-Jun-04,103.7,1.7,,,,,,,,,,,,,,,,,,,,,,,,
BMO,2.1,2020-Oct-01,101.12,1.78,,,,,,,,,,,,,,,,,,,,,,,,
BMO,1.88,2021-Mar-31,99.98,1.88,,,,,,,,,,,,,,,,,,,,,,,,
BMO,1.61,2021-Oct-28,98.26,2,,,,,,,,,,,,,,,,,,,,,,,,
BMO,4.609,2025-Sep-10,115.72,2.56,,,,,,,,,,,,,,,,,,,,,,,,
BMO Cap Tr,5.75,2017-Sep-26,102.91,1.34,,,,,,,,,,,,,,,,,,,,,,,,
BNS,4.1,2017-Jun-08,101.19,0.87,,,,,,,,,,,,,,,,,,,,,,,,
BNS,2.37,2018-Jan-11,101.19,1.12,,,,,,,,,,,,,,,,,,,,,,,,
BNS,2.242,2018-Mar-22,101.2,1.19,,,,,,,,,,,,,,,,,,,,,,,,
BNS,1.33,2018-May-01,100.09,1.26,,,,,,,,,,,,,,,,,,,,,,,,
BNS,2.75,2018-Aug-13,102.17,1.33,,,,,,,,,,,,,,,,,,,,,,,,
BNS,2.27,2020-Jan-13,101.84,1.63,,,,,,,,,,,,,,,,,,,,,,,,
BNS,2.13,2020-Jun-15,101.3,1.73,,,,,,,,,,,,,,,,,,,,,,,,
BNS,2.09,2020-Sep-09,101.01,1.8,,,,,,,,,,,,,,,,,,,,,,,,
BNS,3.27,2021-Jan-11,105.3,1.87,,,,,,,,,,,,,,,,,,,,,,,,
BNS,2.873,2021-Jun-04,103.96,1.92,,,,,,,,,,,,,,,,,,,,,,,,
BNS,1.9,2021-Dec-02,99.4,2.03,,,,,,,,,,,,,,,,,,,,,,,,
BNS,2.62,2026-Dec-02,98.79,2.76,,,,,,,,,,,,,,,,,,,,,,,,
BRKFLD Pwr,3.752,2025-Jun-02,102.3,3.43,,,,,,,,,,,,,,,,,,,,,,,,
BRKFLD Pwr,3.63,2027-Jan-15,99.57,3.68,,,,,,,,,,,,,,,,,,,,,,,,
BRP Fin ULC,5.25,2018-Nov-05,106.09,1.75,,,,,,,,,,,,,,,,,,,,,,,,
BRP Fin ULC,5.14,2020-Oct-13,109.72,2.39,,,,,,,,,,,,,,,,,,,,,,,,
BRP Fin ULC,4.79,2022-Feb-07,109.53,2.75,,,,,,,,,,,,,,,,,,,,,,,,
BRP Fin ULC,5.84,2036-Nov-05,110.37,5.01,,,,,,,,,,,,,,,,,,,,,,,,
Bell CDA,4.4,2018-Mar-16,103.57,1.23,,,,,,,,,,,,,,,,,,,,,,,,
Bell CDA,4.88,2018-Apr-26,104.49,1.24,,,,,,,,,,,,,,,,,,,,,,,,
Bell CDA,5.52,2019-Feb-26,108.08,1.57,,,,,,,,,,,,,,,,,,,,,,,,
Bell CDA,3.35,2019-Jun-18,104.1,1.6,,,,,,,,,,,,,,,,,,,,,,,,
Bell CDA,3.54,2020-Jun-12,105.25,1.93,,,,,,,,,,,,,,,,,,,,,,,,
Bell CDA,3.25,2020-Jun-17,104.48,1.88,,,,,,,,,,,,,,,,,,,,,,,,
Bell CDA,4.95,2021-May-19,111.43,2.16,,,,,,,,,,,,,,,,,,,,,,,,
Bell CDA,3.15,2021-Sep-29,104.33,2.17,,,,,,,,,,,,,,,,,,,,,,,,
Bell CDA,3,2022-Oct-03,103.03,2.43,,,,,,,,,,,,,,,,,,,,,,,,
Bell CDA,3.35,2023-Mar-22,104.3,2.59,,,,,,,,,,,,,,,,,,,,,,,,
Bell CDA,6.55,2029-May-01,124.95,3.96,,,,,,,,,,,,,,,,,,,,,,,,
Bell CDA,7.3,2032-Feb-23,131.88,4.39,,,,,,,,,,,,,,,,,,,,,,,,
Bell CDA,6.1,2035-Mar-16,121.63,4.36,,,,,,,,,,,,,,,,,,,,,,,,
Brkfld A Mgt,5.04,2024-Mar-08,111.24,3.26,,,,,,,,,,,,,,,,,,,,,,,,
Brkfld A Mgt,4.82,2026-Jan-28,109.56,3.57,,,,,,,,,,,,,,,,,,,,,,,,
Brkfld A Mgt,5.95,2035-Jun-14,111.63,4.98,,,,,,,,,,,,,,,,,,,,,,,,
Brkfld Infra,3.455,2017-Oct-10,101.43,1.42,,,,,,,,,,,,,,,,,,,,,,,,
Brkfld Infra,3.538,2020-Oct-30,103.59,2.53,,,,,,,,,,,,,,,,,,,,,,,,
Brkfld Infra,3.452,2022-Mar-11,102.62,2.9,,,,,,,,,,,,,,,,,,,,,,,,
CCDesjardins,2.795,2018-Nov-19,102.56,1.36,,,,,,,,,,,,,,,,,,,,,,,,
CIBC,2.35,2017-Oct-18,100.92,1.07,,,,,,,,,,,,,,,,,,,,,,,,
CIBC,1.7,2018-Oct-09,100.6,1.34,,,,,,,,,,,,,,,,,,,,,,,,
CIBC,1.64,2021-Jul-12,98.9,1.9,,,,,,,,,,,,,,,,,,,,,,,,
CIBC,3,2019-Oct-28,101.59,2.4,,,,,,,,,,,,,,,,,,,,,,,,
CIBC,3.42,2021-Jan-26,102.64,2.72,,,,,,,,,,,,,,,,,,,,,,,,
CN Railway,3.95,2045-Sep-22,106.1,3.61,,,,,,,,,,,,,,,,,,,,,,,,
CU Inc.,6.8,2019-Aug-13,113.35,1.45,,,,,,,,,,,,,,,,,,,,,,,,
CU Inc.,4.801,2021-Nov-22,113.91,1.78,,,,,,,,,,,,,,,,,,,,,,,,
CU Inc.,4.085,2044-Sep-02,105.55,3.76,,,,,,,,,,,,,,,,,,,,,,,,
CallowayReEs,3.385,2017-Dec-01,101.76,1.29,,,,,,,,,,,,,,,,,,,,,,,,
CallowayReEs,3.73,2022-Jul-22,104.6,2.82,,,,,,,,,,,,,,,,,,,,,,,,
Cameco Corp,5.67,2019-Sep-02,107.97,2.48,,,,,,,,,,,,,,,,,,,,,,,,
Can Reit,2.564,2019-Nov-30,101.14,2.15,,,,,,,,,,,,,,,,,,,,,,,,
Can Reit,4.323,2021-Jan-15,106.7,2.54,,,,,,,,,,,,,,,,,,,,,,,,
Cap Pwr Corp,4.85,2019-Feb-21,104.7,2.51,,,,,,,,,,,,,,,,,,,,,,,,
Caterpil Fin,1.75,2019-Jun-03,100.83,1.39,,,,,,,,,,,,,,,,,,,,,,,,
Cda Util Ltd,5.432,2019-Jan-23,108.05,1.33,,,,,,,,,,,,,,,,,,,,,,,,
Cdn Natl Res,3.05,2019-Jun-19,102.7,1.89,,,,,,,,,,,,,,,,,,,,,,,,
Cdn Natl Res,2.6,2019-Dec-03,101.63,2.01,,,,,,,,,,,,,,,,,,,,,,,,
Cdn Natl Res,2.89,2020-Aug-14,102.18,2.25,,,,,,,,,,,,,,,,,,,,,,,,
Cdn Natl Res,3.31,2022-Feb-11,103.32,2.6,,,,,,,,,,,,,,,,,,,,,,,,
CdnTire Corp,6.375,2028-Apr-13,123.1,3.82,,,,,,,,,,,,,,,,,,,,,,,,
Ch Prop Reit,3.554,2018-Jul-05,103.09,1.38,,,,,,,,,,,,,,,,,,,,,,,,
Ch Prop Reit,3.196,2023-Mar-07,102.31,2.78,,,,,,,,,,,,,,,,,,,,,,,,
Citigroup,4.65,2017-Oct-11,102,1.79,,,,,,,,,,,,,,,,,,,,,,,,
Cominar REIT,3.62,2019-Jun-21,102.29,2.63,,,,,,,,,,,,,,,,,,,,,,,,
Cominar REIT,4.23,2019-Dec-04,104.01,2.76,,,,,,,,,,,,,,,,,,,,,,,,
Cominar REIT,4,2020-Nov-02,103.38,3.04,,,,,,,,,,,,,,,,,,,,,,,,
Cominar REIT,4.25,2021-Dec-08,103.75,3.41,,,,,,,,,,,,,,,,,,,,,,,,
ConsumersGas,4.77,2021-Dec-17,113.17,1.94,,,,,,,,,,,,,,,,,,,,,,,,
Ct Reit,2.159,2021-Jun-01,99.51,2.28,,,,,,,,,,,,,,,,,,,,,,,,
Ct Reit,2.852,2022-Jun-09,101.55,2.54,,,,,,,,,,,,,,,,,,,,,,,,
Ct Reit,3.289,2026-Jun-01,98,3.54,,,,,,,,,,,,,,,,,,,,,,,,
DreamOffice,4.074,2020-Jan-21,101.96,3.38,,,,,,,,,,,,,,,,,,,,,,,,
EPCOR Util,5.8,2018-Jan-31,104.69,1.15,,,,,,,,,,,,,,,,,,,,,,,,
EPCOR Util,6.8,2029-Jun-28,134.64,3.37,,,,,,,,,,,,,,,,,,,,,,,,
Empire Life,2.87,2018-May-31,101.02,2.09,,,,,,,,,,,,,,,,,,,,,,,,
Enbridge Inc,4.77,2019-Sep-02,107.57,1.78,,,,,,,,,,,,,,,,,,,,,,,,
Enbridge Inc,4.53,2020-Mar-09,107.7,1.97,,,,,,,,,,,,,,,,,,,,,,,,
Enbridge Inc,3.94,2023-Jun-30,107.14,2.72,,,,,,,,,,,,,,,,,,,,,,,,
EnbridgeGas,1.85,2017-Apr-24,100.35,0.41,,,,,,,,,,,,,,,,,,,,,,,,
EnbridgeGas,3.31,2025-Sep-11,105.04,2.65,,,,,,,,,,,,,,,,,,,,,,,,
EnbridgeGas,4,2044-Aug-22,102.9,3.83,,,,,,,,,,,,,,,,,,,,,,,,
EnbridgeGas,4.95,2050-Nov-22,119.91,3.89,,,,,,,,,,,,,,,,,,,,,,,,
EnbridgeIF,2.92,2017-Dec-14,101.43,1.29,,,,,,,,,,,,,,,,,,,,,,,,
EnbridgeIF,4,2018-Dec-20,104.52,1.58,,,,,,,,,,,,,,,,,,,,,,,,
EnbridgeIF,4.1,2019-Feb-22,105.07,1.61,,,,,,,,,,,,,,,,,,,,,,,,
EnbridgeIF,3.95,2024-Nov-19,106.29,3.04,,,,,,,,,,,,,,,,,,,,,,,,
EnbridgePipe,6.62,2018-Nov-19,109.45,1.33,,,,,,,,,,,,,,,,,,,,,,,,
EnbridgePipe,4.49,2019-Nov-12,108.04,1.54,,,,,,,,,,,,,,,,,,,,,,,,
EnbridgePipe,2.93,2022-Nov-30,103.16,2.35,,,,,,,,,,,,,,,,,,,,,,,,
EnbridgePipe,3.45,2025-Sep-29,104.25,2.89,,,,,,,,,,,,,,,,,,,,,,,,
EnbridgePipe,4.13,2046-Aug-09,98.37,4.23,,,,,,,,,,,,,,,,,,,,,,,,
Enercare,4.6,2020-Feb-03,105.87,2.57,,,,,,,,,,,,,,,,,,,,,,,,
FedDesCaises,2.091,2022-Jan-17,100.28,2.03,,,,,,,,,,,,,,,,,,,,,,,,
FirstCapRlty,5.85,2017-Jan-31,100.06,0.6,,,,,,,,,,,,,,,,,,,,,,,,
FirstCapRlty,4.5,2021-Mar-01,108.36,2.35,,,,,,,,,,,,,,,,,,,,,,,,
FirstCapRlty,3.9,2023-Oct-30,105.48,3,,,,,,,,,,,,,,,,,,,,,,,,
FirstCapRlty,4.79,2024-Aug-30,110.55,3.21,,,,,,,,,,,,,,,,,,,,,,,,
FirstCapRlty,3.604,2026-May-06,100.17,3.58,,,,,,,,,,,,,,,,,,,,,,,,
Ford Cr Cda,3.279,2021-Jul-02,102.36,2.71,,,,,,,,,,,,,,,,,,,,,,,,
Fortis Inc.,2.85,2023-Dec-12,101.24,2.65,,,,,,,,,,,,,,,,,,,,,,,,
FortisBC Egy,2.58,2026-Apr-08,99.17,2.68,,,,,,,,,,,,,,,,,,,,,,,,
G-W Lifeco,5.691,2017-Jun-21,100.36,4.76,,,,,,,,,,,,,,,,,,,,,,,,
G-W Lifeco,6.14,2018-Mar-21,105.61,1.22,,,,,,,,,,,,,,,,,,,,,,,,
G-W Lifeco,5.998,2039-Nov-16,130.7,3.94,,,,,,,,,,,,,,,,,,,,,,,,
G-W Lifeco,7.127,2018-Jun-26,107.37,1.83,,,,,,,,,,,,,,,,,,,,,,,,
GE Cap Cda,4.4,2018-Feb-08,103.38,1.12,,,,,,,,,,,,,,,,,,,,,,,,
GE Cap Cda,2.42,2018-May-31,101.56,1.24,,,,,,,,,,,,,,,,,,,,,,,,
GE Cap Cda,5.68,2019-Sep-10,110.62,1.53,,,,,,,,,,,,,,,,,,,,,,,,
GE Cap Cda,5.73,2037-Oct-22,129.6,3.68,,,,,,,,,,,,,,,,,,,,,,,,
GTAA,1.51,2021-Feb-16,99.65,1.6,,,,,,,,,,,,,,,,,,,,,,,,
GTAA,6.45,2027-Dec-03,132.94,2.89,,,,,,,,,,,,,,,,,,,,,,,,
GenwrthMIInc,5.68,2020-Jun-15,108.69,2.96,,,,,,,,,,,,,,,,,,,,,,,,
GenwrthMIInc,4.242,2024-Apr-01,104.26,3.56,,,,,,,,,,,,,,,,,,,,,,,,
H R REIT,5.902,2017-Feb-03,100.1,0.72,,,,,,,,,,,,,,,,,,,,,,,,
H R REIT,5,2018-Dec-01,105.83,1.78,,,,,,,,,,,,,,,,,,,,,,,,
H R REIT,4.45,2020-Mar-02,106.36,2.31,,,,,,,,,,,,,,,,,,,,,,,,
H R REIT,2.923,2022-May-06,100.39,2.84,,,,,,,,,,,,,,,,,,,,,,,,
HSBC Bk Cda,2.491,2019-May-13,102.06,1.57,,,,,,,,,,,,,,,,,,,,,,,,
HSBC Bk Cda,2.938,2020-Jan-14,103.39,1.76,,,,,,,,,,,,,,,,,,,,,,,,
HSBC Bk Cda,2.908,2021-Sep-29,103.62,2.09,,,,,,,,,,,,,,,,,,,,,,,,
Home Trst,3.4,2018-Dec-10,102.04,2.28,,,,,,,,,,,,,,,,,,,,,,,,
Hydro One,1.48,2019-Nov-18,100.03,1.47,,,,,,,,,,,,,,,,,,,,,,,,
Hydro One,1.84,2021-Feb-24,100.32,1.76,,,,,,,,,,,,,,,,,,,,,,,,
Hydro One,7.35,2030-Jun-03,141.09,3.48,,,,,,,,,,,,,,,,,,,,,,,,
Hydro One,5.49,2040-Jul-16,126.7,3.77,,,,,,,,,,,,,,,,,,,,,,,,
Hydro One,3.72,2047-Nov-18,98.97,3.78,,,,,,,,,,,,,,,,,,,,,,,,
IGM Fin,7.35,2019-Apr-08,111.89,1.81,,,,,,,,,,,,,,,,,,,,,,,,
IGM Fin,6.65,2027-Dec-13,126.82,3.64,,,,,,,,,,,,,,,,,,,,,,,,
IGM Fin,7.45,2031-May-09,136.91,4.03,,,,,,,,,,,,,,,,,,,,,,,,
IGM Fin,6,2040-Dec-10,123.1,4.42,,,,,,,,,,,,,,,,,,,,,,,,
IntPipeLtd,3.776,2022-May-30,107.01,2.37,,,,,,,,,,,,,,,,,,,,,,,,
IntPipeLtd,2.608,2023-Sep-13,99.88,2.63,,,,,,,,,,,,,,,,,,,,,,,,
IntPipeLtd,3.173,2025-Mar-24,101.52,2.96,,,,,,,,,,,,,,,,,,,,,,,,
Intact Finl,4.7,2021-Aug-18,111.63,2.02,,,,,,,,,,,,,,,,,,,,,,,,
Investor Grp,6.58,2018-Mar-07,105.66,1.44,,,,,,,,,,,,,,,,,,,,,,,,
LaurentianBk,3.278,2018-Oct-15,102.61,1.73,,,,,,,,,,,,,,,,,,,,,,,,
LaurentianBk,2.81,2019-Jun-13,102.2,1.86,,,,,,,,,,,,,,,,,,,,,,,,
LaurentianBk,2.75,2021-Apr-22,101.36,2.41,,,,,,,,,,,,,,,,,,,,,,,,
Loblaw CoLtd,3.748,2019-Mar-12,104.71,1.49,,,,,,,,,,,,,,,,,,,,,,,,
Loblaw CoLtd,5.22,2020-Jun-18,110.89,1.89,,,,,,,,,,,,,,,,,,,,,,,,
Loblaw CoLtd,6.45,2028-Feb-09,124.31,3.74,,,,,,,,,,,,,,,,,,,,,,,,
Manitoba Tel,5.625,2019-Dec-16,110.7,1.81,,,,,,,,,,,,,,,,,,,,,,,,
Manu LifeIns,2.811,2019-Feb-21,102.11,1.77,,,,,,,,,,,,,,,,,,,,,,,,
Manu LifeIns,2.389,2021-Jan-05,100.75,2.19,,,,,,,,,,,,,,,,,,,,,,,,
ManuF Cap Tr,7.405,2019-Dec-31,114.36,2.31,,,,,,,,,,,,,,,,,,,,,,,,
Metro,3.2,2021-Dec-01,104.63,2.19,,,,,,,,,,,,,,,,,,,,,,,,
Morgrd REIT,4.099,2018-Dec-10,103.32,2.28,,,,,,,,,,,,,,,,,,,,,,,,
NAV Cda,1.949,2018-Apr-19,101.23,0.94,,,,,,,,,,,,,,,,,,,,,,,,
NAV Cda,4.397,2021-Feb-18,110.85,1.63,,,,,,,,,,,,,,,,,,,,,,,,
National Bk,2.689,2017-Aug-21,100.97,0.99,,,,,,,,,,,,,,,,,,,,,,,,
National Bk,2.404,2019-Oct-28,102.49,1.48,,,,,,,,,,,,,,,,,,,,,,,,
National Bk,1.742,2020-Mar-03,100.22,1.67,,,,,,,,,,,,,,,,,,,,,,,,
National Bk,2.105,2022-Mar-18,100.12,2.08,,,,,,,,,,,,,,,,,,,,,,,,
National Bk,3.261,2017-Apr-11,100.42,1.24,,,,,,,,,,,,,,,,,,,,,,,,
Pembina Pipe,3.77,2022-Oct-24,105.98,2.64,,,,,,,,,,,,,,,,,,,,,,,,
Pembina Pipe,3.71,2026-Aug-11,102.2,3.44,,,,,,,,,,,,,,,,,,,,,,,,
Pembina Pipe,4.24,2027-Jun-15,106.11,3.53,,,,,,,,,,,,,,,,,,,,,,,,
Power Corp,7.57,2019-Apr-22,112.13,2,,,,,,,,,,,,,,,,,,,,,,,,
Power Finl,6.9,2033-Mar-11,130.33,4.28,,,,,,,,,,,,,,,,,,,,,,,,
RioCan REIT,3.85,2019-Jun-28,104.98,1.74,,,,,,,,,,,,,,,,,,,,,,,,
RioCan REIT,3.62,2020-Jun-01,105.01,2.06,,,,,,,,,,,,,,,,,,,,,,,,
RioCan REIT,2.185,2020-Aug-26,100.26,2.11,,,,,,,,,,,,,,,,,,,,,,,,
RioCan REIT,3.716,2021-Dec-13,105.66,2.48,,,,,,,,,,,,,,,,,,,,,,,,
RogersComm,5.38,2019-Nov-04,109.8,1.74,,,,,,,,,,,,,,,,,,,,,,,,
RogersComm,4,2022-Jun-06,108.22,2.36,,,,,,,,,,,,,,,,,,,,,,,,
RogersComm,6.68,2039-Nov-04,130.22,4.54,,,,,,,,,,,,,,,,,,,,,,,,
Royal Bank,2.364,2017-Sep-21,100.89,0.99,,,,,,,,,,,,,,,,,,,,,,,,
Royal Bank,3.77,2018-Mar-30,103.1,1.11,,,,,,,,,,,,,,,,,,,,,,,,
Royal Bank,1.59,2020-Mar-23,100.14,1.54,,,,,,,,,,,,,,,,,,,,,,,,
Royal Bank,1.92,2020-Jul-17,100.54,1.76,,,,,,,,,,,,,,,,,,,,,,,,
Royal Bank,2.86,2021-Mar-04,103.86,1.88,,,,,,,,,,,,,,,,,,,,,,,,
Royal Bank,1.583,2021-Sep-13,98.2,1.99,,,,,,,,,,,,,,,,,,,,,,,,
Royal Bank,3.45,2021-Sep-29,102.97,2.77,,,,,,,,,,,,,,,,,,,,,,,,
Royal Bank,2.48,2020-Jun-04,99.73,2.56,,,,,,,,,,,,,,,,,,,,,,,,
Royal Bank,4.93,2025-Jul-16,117.9,2.57,,,,,,,,,,,,,,,,,,,,,,,,
ScotiaBk Cap,5.65,2036-Dec-31,120.4,4.14,,,,,,,,,,,,,,,,,,,,,,,,
ScotiaBk Cap,7.802,2019-Jun-30,112.77,2.36,,,,,,,,,,,,,,,,,,,,,,,,
Shaw Commun,5.7,2017-Mar-02,100.48,1.07,,,,,,,,,,,,,,,,,,,,,,,,
Shaw Commun,4.35,2024-Jan-31,107.53,3.15,,,,,,,,,,,,,,,,,,,,,,,,
SmartReit,2.987,2024-Aug-28,97.17,3.41,,,,,,,,,,,,,,,,,,,,,,,,
SmartReit,3.444,2026-Aug-28,97.22,3.79,,,,,,,,,,,,,,,,,,,,,,,,
Std Life Cda,3.938,2017-Sep-21,101.7,1.31,,,,,,,,,,,,,,,,,,,,,,,,
SunLife Cap,7.093,2032-Jun-30,132.24,4.23,,,,,,,,,,,,,,,,,,,,,,,,
SunLife Cap,5.863,2019-Dec-31,110.04,2.3,,,,,,,,,,,,,,,,,,,,,,,,
Suncor,5.8,2018-May-22,105.93,1.26,,,,,,,,,,,,,,,,,,,,,,,,
Suncor,3.1,2021-Nov-26,104.45,2.13,,,,,,,,,,,,,,,,,,,,,,,,
Suncor,5.39,2037-Mar-26,113.76,4.36,,,,,,,,,,,,,,,,,,,,,,,,
Sunlife Fin,5.59,2018-Jan-30,104.05,1.55,,,,,,,,,,,,,,,,,,,,,,,,
Sunlife Fin,2.6,2020-Sep-25,101.54,2.16,,,,,,,,,,,,,,,,,,,,,,,,
Sunlife Fin,3.1,2021-Feb-19,103.37,2.23,,,,,,,,,,,,,,,,,,,,,,,,
Sunlife Fin,3.05,2023-Sep-19,100.91,2.9,,,,,,,,,,,,,,,,,,,,,,,,
TD Bank,2.171,2018-Apr-02,101.17,1.17,,,,,,,,,,,,,,,,,,,,,,,,
TD Bank,2.447,2019-Apr-02,102.22,1.41,,,,,,,,,,,,,,,,,,,,,,,,
TD Bank,2.563,2020-Jun-24,102.91,1.68,,,,,,,,,,,,,,,,,,,,,,,,
TD Bank,5.828,2018-Jul-09,106.05,1.6,,,,,,,,,,,,,,,,,,,,,,,,
TD Bank,4.859,2026-Mar-04,110.63,3.49,,,,,,,,,,,,,,,,,,,,,,,,
TD Cap Tr,6.631,2021-Jun-30,115.85,2.8,,,,,,,,,,,,,,,,,,,,,,,,
TD Cap Tr,9.523,2019-Jun-30,116.44,2.51,,,,,,,,,,,,,,,,,,,,,,,,
TMX Grp,3.253,2018-Oct-03,102.92,1.49,,,,,,,,,,,,,,,,,,,,,,,,
Telus Corp,4.95,2017-Mar-15,100.55,0.97,,,,,,,,,,,,,,,,,,,,,,,,
Telus Corp,5.05,2019-Dec-04,109.08,1.77,,,,,,,,,,,,,,,,,,,,,,,,
Telus Corp,3.2,2021-Apr-05,104.14,2.16,,,,,,,,,,,,,,,,,,,,,,,,
Telus Corp,2.35,2022-Mar-28,99.77,2.4,,,,,,,,,,,,,,,,,,,,,,,,
Telus Corp,3.35,2023-Mar-15,103.94,2.65,,,,,,,,,,,,,,,,,,,,,,,,
Telus Corp,3.75,2025-Jan-17,104.98,3.04,,,,,,,,,,,,,,,,,,,,,,,,
Telus Corp,3.75,2026-Mar-10,103.78,3.27,,,,,,,,,,,,,,,,,,,,,,,,
Telus Corp,4.85,2044-Apr-05,101.96,4.72,,,,,,,,,,,,,,,,,,,,,,,,
Telus Corp,4.75,2045-Jan-17,100.78,4.7,,,,,,,,,,,,,,,,,,,,,,,,
Telus Corp,4.4,2046-Jan-29,95.15,4.71,,,,,,,,,,,,,,,,,,,,,,,,
Thomson Corp,4.35,2020-Sep-30,107.88,2.11,,,,,,,,,,,,,,,,,,,,,,,,
ThomsonRtrs,3.369,2019-May-23,103.68,1.75,,,,,,,,,,,,,,,,,,,,,,,,
TorontoHydro,2.52,2026-Aug-25,98.55,2.69,,,,,,,,,,,,,,,,,,,,,,,,
TransCdaPipe,3.65,2021-Nov-15,107.95,1.91,,,,,,,,,,,,,,,,,,,,,,,,
TransCdaPipe,3.69,2023-Jul-19,108.11,2.34,,,,,,,,,,,,,,,,,,,,,,,,
TransCdaPipe,4.55,2041-Nov-15,105.25,4.21,,,,,,,,,,,,,,,,,,,,,,,,
TrnsCont Inc,3.897,2019-May-13,102.74,2.66,,,,,,,,,,,,,,,,,,,,,,,,
Union Gas,5.35,2018-Apr-27,105.16,1.19,,,,,,,,,,,,,,,,,,,,,,,,
Union Gas,3.19,2025-Sep-17,104.07,2.66,,,,,,,,,,,,,,,,,,,,,,,,
Union Gas,2.81,2026-Mar-01,99.98,2.81,,,,,,,,,,,,,,,,,,,,,,,,
Veresen Inc,3.95,2017-Mar-14,100.38,1.18,,,,,,,,,,,,,,,,,,,,,,,,
Veresen Inc,3.06,2019-Jun-13,101.79,2.28,,,,,,,,,,,,,,,,,,,,,,,,
Westn George,7.1,2032-Feb-05,128.73,4.46,,,,,,,,,,,,,,,,,,,,,,,,
Wfargo Cda,2.78,2018-Nov-15,102.56,1.34,,,,,,,,,,,,,,,,,,,,,,,,
,,,,,,,,,,,,,,,,,,,,,,,,,,,,
BC Prov,0,2017-Aug-19,99.62,0.66,,,,,,,,,,,,,,,,,,,,,,,,
BC Prov,0,2017-Aug-23,99.6,0.71,,,,,,,,,,,,,,,,,,,,,,,,
BC Prov,0,2017-Sep-05,99.59,0.67,,,,,,,,,,,,,,,,,,,,,,,,
BC Prov,0,2018-Feb-19,99.06,0.89,,,,,,,,,,,,,,,,,,,,,,,,
BC Prov,0,2018-Feb-23,98.7,1.22,,,,,,,,,,,,,,,,,,,,,,,,
BC Prov,0,2018-Mar-05,98.92,0.99,,,,,,,,,,,,,,,,,,,,,,,,
BC Prov,0,2018-Mar-08,98.65,1.22,,,,,,,,,,,,,,,,,,,,,,,,
BC Prov,0,2018-May-15,98.79,0.94,,,,,,,,,,,,,,,,,,,,,,,,
BC Prov,0,2018-May-19,98.78,0.94,,,,,,,,,,,,,,,,,,,,,,,,
BC Prov,0,2018-Jun-04,98.64,1.01,,,,,,,,,,,,,,,,,,,,,,,,
BC Prov,0,2018-Jun-09,98.63,1.01,,,,,,,,,,,,,,,,,,,,,,,,
BC Prov,0,2018-Jun-17,98.5,1.09,,,,,,,,,,,,,,,,,,,,,,,,
BC Prov,0,2018-Sep-05,98.41,1,,,,,,,,,,,,,,,,,,,,,,,,
BC Prov,0,2018-Nov-19,97.68,1.3,,,,,,,,,,,,,,,,,,,,,,,,
BC Prov,0,2018-Dec-09,97.92,1.13,,,,,,,,,,,,,,,,,,,,,,,,
BC Prov,0,2018-Dec-17,97.92,1.12,,,,,,,,,,,,,,,,,,,,,,,,
BC Prov,0,2018-Dec-18,98.1,1.02,,,,,,,,,,,,,,,,,,,,,,,,
BC Prov,0,2019-Feb-19,97.58,1.19,,,,,,,,,,,,,,,,,,,,,,,,
BC Prov,0,2019-Feb-23,98.18,0.89,,,,,,,,,,,,,,,,,,,,,,,,
BC Prov,0,2019-Mar-05,97.42,1.25,,,,,,,,,,,,,,,,,,,,,,,,
BC Prov,0,2019-May-19,97.71,1,,,,,,,,,,,,,,,,,,,,,,,,
BC Prov,0,2019-Jun-18,97.61,1.01,,,,,,,,,,,,,,,,,,,,,,,,
BC Prov,0,2019-Nov-19,97,1.08,,,,,,,,,,,,,,,,,,,,,,,,
BC Prov,0,2019-Dec-09,96.9,1.1,,,,,,,,,,,,,,,,,,,,,,,,
BC Prov,0,2019-Dec-18,96.15,1.36,,,,,,,,,,,,,,,,,,,,,,,,
BC Prov,0,2020-Feb-19,95.6,1.47,,,,,,,,,,,,,,,,,,,,,,,,
BC Prov,0,2020-Mar-08,95.46,1.5,,,,,,,,,,,,,,,,,,,,,,,,
BC Prov,0,2020-May-15,95.04,1.55,,,,,,,,,,,,,,,,,,,,,,,,
BC Prov,0,2020-May-19,94.91,1.58,,,,,,,,,,,,,,,,,,,,,,,,
BC Prov,0,2020-Jun-09,94.7,1.62,,,,,,,,,,,,,,,,,,,,,,,,
BC Prov,0,2020-Aug-19,94.31,1.65,,,,,,,,,,,,,,,,,,,,,,,,
BC Prov,0,2020-Sep-08,94.34,1.62,,,,,,,,,,,,,,,,,,,,,,,,
BC Prov,0,2020-Nov-19,93.92,1.65,,,,,,,,,,,,,,,,,,,,,,,,
BC Prov,0,2021-Feb-23,92.71,1.86,,,,,,,,,,,,,,,,,,,,,,,,
BC Prov,0,2021-May-19,92.51,1.81,,,,,,,,,,,,,,,,,,,,,,,,
BC Prov,0,2021-Jun-18,92.31,1.83,,,,,,,,,,,,,,,,,,,,,,,,
BC Prov,0,2021-Dec-09,90.91,1.97,,,,,,,,,,,,,,,,,,,,,,,,
BC Prov,0,2021-Dec-18,91.1,1.91,,,,,,,,,,,,,,,,,,,,,,,,
BC Prov,0,2022-Feb-19,90.94,1.88,,,,,,,,,,,,,,,,,,,,,,,,
BC Prov,0,2022-Feb-23,90.85,1.9,,,,,,,,,,,,,,,,,,,,,,,,
BC Prov,0,2022-Mar-08,90.79,1.9,,,,,,,,,,,,,,,,,,,,,,,,
BC Prov,0,2022-May-19,90.31,1.93,,,,,,,,,,,,,,,,,,,,,,,,
BC Prov,0,2022-Jun-09,89.82,2.01,,,,,,,,,,,,,,,,,,,,,,,,
BC Prov,0,2022-Jun-09,90.36,1.9,,,,,,,,,,,,,,,,,,,,,,,,
BC Prov,0,2022-Jun-18,90.08,1.95,,,,,,,,,,,,,,,,,,,,,,,,
BC Prov,0,2022-Jul-09,89.49,2.05,,,,,,,,,,,,,,,,,,,,,,,,
BC Prov,0,2022-Aug-19,89.75,1.95,,,,,,,,,,,,,,,,,,,,,,,,
BC Prov,0,2022-Aug-19,89.94,1.91,,,,,,,,,,,,,,,,,,,,,,,,
BC Prov,0,2022-Aug-23,89.82,1.93,,,,,,,,,,,,,,,,,,,,,,,,
BC Prov,0,2022-Sep-08,89.44,2,,,,,,,,,,,,,,,,,,,,,,,,
BC Prov,0,2022-Nov-19,90.64,1.7,,,,,,,,,,,,,,,,,,,,,,,,
BC Prov,0,2022-Dec-18,88.66,2.05,,,,,,,,,,,,,,,,,,,,,,,,
BC Prov,0,2023-Mar-08,87.73,2.15,,,,,,,,,,,,,,,,,,,,,,,,
BC Prov,0,2024-May-19,83.75,2.44,,,,,,,,,,,,,,,,,,,,,,,,
BC Prov,0,2024-Jun-18,82.28,2.65,,,,,,,,,,,,,,,,,,,,,,,,
BC Prov,0,2024-Aug-23,84.08,2.3,,,,,,,,,,,,,,,,,,,,,,,,
BC Prov,0,2024-Nov-19,83.18,2.37,,,,,,,,,,,,,,,,,,,,,,,,
BC Prov,0,2025-May-19,80.56,2.62,,,,,,,,,,,,,,,,,,,,,,,,
BC Prov,0,2026-Jun-09,78.96,2.54,,,,,,,,,,,,,,,,,,,,,,,,
BC Prov,0,2026-Dec-18,75.63,2.84,,,,,,,,,,,,,,,,,,,,,,,,
BC Prov,0,2027-Dec-18,73.32,2.87,,,,,,,,,,,,,,,,,,,,,,,,
BC Prov,0,2028-Jun-18,71.3,2.99,,,,,,,,,,,,,,,,,,,,,,,,
BC Prov,0,2029-Dec-18,67.12,3.12,,,,,,,,,,,,,,,,,,,,,,,,
BMO,0,2023-Mar-28,98.33,1.44,,,,,,,,,,,,,,,,,,,,,,,,
Bell CDA,0,2020-May-15,94.26,1.8,,,,,,,,,,,,,,,,,,,,,,,,
Bell CDA,0,2020-Jun-01,94.14,1.81,,,,,,,,,,,,,,,,,,,,,,,,
Bell CDA,0,2021-Jun-01,90.33,2.35,,,,,,,,,,,,,,,,,,,,,,,,
Bell CDA,0,2021-Jun-15,91.25,2.1,,,,,,,,,,,,,,,,,,,,,,,,
Bell CDA,0,2025-Dec-01,73.56,3.5,,,,,,,,,,,,,,,,,,,,,,,,
Bell CDA,0,2031-Apr-02,52.63,4.58,,,,,,,,,,,,,,,,,,,,,,,,
Bell CDA,0,2032-May-15,52.69,4.23,,,,,,,,,,,,,,,,,,,,,,,,
Bell CDA,0,2046-Nov-15,20.67,5.36,,,,,,,,,,,,,,,,,,,,,,,,
CIBC,0,2023-Jun-06,98,1.48,,,,,,,,,,,,,,,,,,,,,,,,
Canada,0,2017-Jun-01,99.8,0.57,,,,,,,,,,,,,,,,,,,,,,,,
Canada,0,2017-Dec-01,99.41,0.7,,,,,,,,,,,,,,,,,,,,,,,,
Canada,0,2018-Jun-01,98.94,0.79,,,,,,,,,,,,,,,,,,,,,,,,
Canada,0,2018-Dec-01,98.35,0.9,,,,,,,,,,,,,,,,,,,,,,,,
Canada,0,2019-Jun-01,97.82,0.94,,,,,,,,,,,,,,,,,,,,,,,,
Canada,0,2020-Jun-01,96.6,1.04,,,,,,,,,,,,,,,,,,,,,,,,
Canada,0,2021-Mar-15,95.78,1.05,,,,,,,,,,,,,,,,,,,,,,,,
Canada,0,2021-Jun-01,94.54,1.3,,,,,,,,,,,,,,,,,,,,,,,,
Canada,0,2022-Jun-01,92.37,1.49,,,,,,,,,,,,,,,,,,,,,,,,
Canada,0,2022-Dec-01,91.41,1.54,,,,,,,,,,,,,,,,,,,,,,,,
Canada,0,2023-Jun-01,90.46,1.59,,,,,,,,,,,,,,,,,,,,,,,,
Canada,0,2023-Jun-01,91.59,1.39,,,,,,,,,,,,,,,,,,,,,,,,
Canada,0,2024-Jun-01,88.04,1.74,,,,,,,,,,,,,,,,,,,,,,,,
Canada,0,2024-Dec-01,87.31,1.74,,,,,,,,,,,,,,,,,,,,,,,,
Canada,0,2025-Jun-01,86.38,1.76,,,,,,,,,,,,,,,,,,,,,,,,
Canada,0,2025-Dec-01,84.51,1.91,,,,,,,,,,,,,,,,,,,,,,,,
Canada,0,2026-Jun-01,83.38,1.95,,,,,,,,,,,,,,,,,,,,,,,,
Canada,0,2032-Jun-01,69.78,2.36,,,,,,,,,,,,,,,,,,,,,,,,
Canada,0,2037-Dec-01,59.46,2.51,,,,,,,,,,,,,,,,,,,,,,,,
Cap Desj Inc,0,2026-Dec-15,88.79,2.45,,,,,,,,,,,,,,,,,,,,,,,,
CogecoCbl,0,2020-Nov-16,90.16,2.74,,,,,,,,,,,,,,,,,,,,,,,,
Corp DH Que,0,2018-May-09,99.47,0.41,,,,,,,,,,,,,,,,,,,,,,,,
Corp DH Que,0,2018-Nov-09,97.62,1.35,,,,,,,,,,,,,,,,,,,,,,,,
EnbridgePipe,0,2018-Jun-11,98.18,1.34,,,,,,,,,,,,,,,,,,,,,,,,
GTAA,0,2018-Aug-02,98.06,1.29,,,,,,,,,,,,,,,,,,,,,,,,
GTAA,0,2019-Aug-02,95.75,1.73,,,,,,,,,,,,,,,,,,,,,,,,
GenwrthMIInc,0,2020-Jun-15,90.22,3.06,,,,,,,,,,,,,,,,,,,,,,,,
HydroQuebec,0,2017-Feb-15,99.99,0.12,,,,,,,,,,,,,,,,,,,,,,,,
HydroQuebec,0,2017-Jul-15,99.66,0.73,,,,,,,,,,,,,,,,,,,,,,,,
HydroQuebec,0,2017-Oct-15,99.5,0.7,,,,,,,,,,,,,,,,,,,,,,,,
HydroQuebec,0,2017-Nov-22,99.28,0.87,,,,,,,,,,,,,,,,,,,,,,,,
HydroQuebec,0,2018-Jul-15,98.45,1.06,,,,,,,,,,,,,,,,,,,,,,,,
HydroQuebec,0,2018-Aug-15,98,1.3,,,,,,,,,,,,,,,,,,,,,,,,
HydroQuebec,0,2019-Jul-10,97.37,1.09,,,,,,,,,,,,,,,,,,,,,,,,
HydroQuebec,0,2019-Jul-16,96.61,1.4,,,,,,,,,,,,,,,,,,,,,,,,
HydroQuebec,0,2020-Jan-16,95.75,1.47,,,,,,,,,,,,,,,,,,,,,,,,
HydroQuebec,0,2020-Jul-15,94.45,1.65,,,,,,,,,,,,,,,,,,,,,,,,
HydroQuebec,0,2020-Aug-15,94.48,1.6,,,,,,,,,,,,,,,,,,,,,,,,
HydroQuebec,0,2020-Aug-15,94.13,1.71,,,,,,,,,,,,,,,,,,,,,,,,
HydroQuebec,0,2020-Aug-26,94.15,1.69,,,,,,,,,,,,,,,,,,,,,,,,
HydroQuebec,0,2021-Jan-15,91.85,2.15,,,,,,,,,,,,,,,,,,,,,,,,
HydroQuebec,0,2021-Feb-15,92.68,1.88,,,,,,,,,,,,,,,,,,,,,,,,
HydroQuebec,0,2021-Jul-15,91.96,1.88,,,,,,,,,,,,,,,,,,,,,,,,
HydroQuebec,0,2021-Aug-15,91.8,1.89,,,,,,,,,,,,,,,,,,,,,,,,
HydroQuebec,0,2021-Oct-15,92.18,1.73,,,,,,,,,,,,,,,,,,,,,,,,
HydroQuebec,0,2021-Oct-15,92.1,1.75,,,,,,,,,,,,,,,,,,,,,,,,
HydroQuebec,0,2022-Jan-16,89.96,2.14,,,,,,,,,,,,,,,,,,,,,,,,
HydroQuebec,0,2022-Feb-15,90.06,2.08,,,,,,,,,,,,,,,,,,,,,,,,
HydroQuebec,0,2022-Aug-15,88.88,2.13,,,,,,,,,,,,,,,,,,,,,,,,
HydroQuebec,0,2022-Aug-26,89.76,1.94,,,,,,,,,,,,,,,,,,,,,,,,
HydroQuebec,0,2023-Jan-16,88.14,2.12,,,,,,,,,,,,,,,,,,,,,,,,
HydroQuebec,0,2023-Feb-26,87.43,2.22,,,,,,,,,,,,,,,,,,,,,,,,
HydroQuebec,0,2023-Aug-15,85.66,2.37,,,,,,,,,,,,,,,,,,,,,,,,
HydroQuebec,0,2024-Aug-15,82.12,2.62,,,,,,,,,,,,,,,,,,,,,,,,
HydroQuebec,0,2025-Aug-15,80.05,2.62,,,,,,,,,,,,,,,,,,,,,,,,
HydroQuebec,0,2026-Aug-15,76.58,2.81,,,,,,,,,,,,,,,,,,,,,,,,
HydroQuebec,0,2027-Feb-15,75.02,2.88,,,,,,,,,,,,,,,,,,,,,,,,
HydroQuebec,0,2027-Feb-26,74.86,2.89,,,,,,,,,,,,,,,,,,,,,,,,
HydroQuebec,0,2029-Feb-26,68.58,3.15,,,,,,,,,,,,,,,,,,,,,,,,
HydroQuebec,0,2029-Aug-26,69.24,2.94,,,,,,,,,,,,,,,,,,,,,,,,
HydroQuebec,0,2030-Feb-15,65.79,3.23,,,,,,,,,,,,,,,,,,,,,,,,
HydroQuebec,0,2031-Feb-15,63.14,3.3,,,,,,,,,,,,,,,,,,,,,,,,
HydroQuebec,0,2031-Feb-26,63.37,3.26,,,,,,,,,,,,,,,,,,,,,,,,
HydroQuebec,0,2031-Aug-15,61.28,3.39,,,,,,,,,,,,,,,,,,,,,,,,
HydroQuebec,0,2033-Aug-15,57.95,3.32,,,,,,,,,,,,,,,,,,,,,,,,
Loblaw CoLtd,0,2021-Mar-01,91.38,2.21,,,,,,,,,,,,,,,,,,,,,,,,
Loblaw CoLtd,0,2032-Mar-01,49.9,4.66,,,,,,,,,,,,,,,,,,,,,,,,
Manitoba,0,2017-Mar-22,99.9,0.67,,,,,,,,,,,,,,,,,,,,,,,,
Manitoba,0,2018-Mar-05,98.78,1.11,,,,,,,,,,,,,,,,,,,,,,,,
Manitoba,0,2019-Mar-05,97.16,1.37,,,,,,,,,,,,,,,,,,,,,,,,
Manitoba,0,2019-Sep-05,96.23,1.48,,,,,,,,,,,,,,,,,,,,,,,,
Manitoba,0,2020-Sep-05,93.71,1.81,,,,,,,,,,,,,,,,,,,,,,,,
Manitoba,0,2021-Mar-05,92.61,1.88,,,,,,,,,,,,,,,,,,,,,,,,
Manitoba,0,2021-Sep-05,91.34,1.98,,,,,,,,,,,,,,,,,,,,,,,,
Manitoba,0,2022-Sep-05,88.08,2.28,,,,,,,,,,,,,,,,,,,,,,,,
Manitoba,0,2027-Mar-05,72.94,3.15,,,,,,,,,,,,,,,,,,,,,,,,
Manitoba,0,2031-Mar-05,61.55,3.47,,,,,,,,,,,,,,,,,,,,,,,,
Manitoba,0,2031-Mar-05,63.86,3.2,,,,,,,,,,,,,,,,,,,,,,,,
Manitoba,0,2031-Sep-05,60.15,3.51,,,,,,,,,,,,,,,,,,,,,,,,
Manulife Fin,0,2018-Jun-26,97.95,1.46,,,,,,,,,,,,,,,,,,,,,,,,
Montreal,0,2017-Dec-01,98.87,1.34,,,,,,,,,,,,,,,,,,,,,,,,
NS Pwr Corp.,0,2017-Feb-26,99.94,0.7,,,,,,,,,,,,,,,,,,,,,,,,
NS Pwr Corp.,0,2017-Jul-25,99.45,1.12,,,,,,,,,,,,,,,,,,,,,,,,
NS Pwr Corp.,0,2017-Aug-26,99.55,0.77,,,,,,,,,,,,,,,,,,,,,,,,
NS Pwr Corp.,0,2018-Feb-26,98.72,1.19,,,,,,,,,,,,,,,,,,,,,,,,
NS Pwr Corp.,0,2019-Jan-10,97.9,1.09,,,,,,,,,,,,,,,,,,,,,,,,
NS Pwr Corp.,0,2019-Jul-25,95.84,1.71,,,,,,,,,,,,,,,,,,,,,,,,
NS Pwr Corp.,0,2020-Jan-10,95.14,1.69,,,,,,,,,,,,,,,,,,,,,,,,
NS Pwr Corp.,0,2028-Aug-26,68.4,3.31,,,,,,,,,,,,,,,,,,,,,,,,
NewBrunswick,0,2021-Mar-26,92.92,1.77,,,,,,,,,,,,,,,,,,,,,,,,
Newfoundland,0,2017-Apr-17,99.87,0.58,,,,,,,,,,,,,,,,,,,,,,,,
Newfoundland,0,2018-Feb-05,98.79,1.19,,,,,,,,,,,,,,,,,,,,,,,,
Newfoundland,0,2018-Jul-07,98.26,1.22,,,,,,,,,,,,,,,,,,,,,,,,
Newfoundland,0,2018-Aug-05,98.07,1.28,,,,,,,,,,,,,,,,,,,,,,,,
Newfoundland,0,2019-Jan-07,97.53,1.29,,,,,,,,,,,,,,,,,,,,,,,,
Newfoundland,0,2019-Apr-17,96.23,1.74,,,,,,,,,,,,,,,,,,,,,,,,
Newfoundland,0,2019-Oct-17,94.71,2,,,,,,,,,,,,,,,,,,,,,,,,
Newfoundland,0,2021-Apr-17,90.95,2.26,,,,,,,,,,,,,,,,,,,,,,,,
Newfoundland,0,2021-Jul-07,90.82,2.18,,,,,,,,,,,,,,,,,,,,,,,,
Newfoundland,0,2022-Jan-07,89.65,2.22,,,,,,,,,,,,,,,,,,,,,,,,
Newfoundland,0,2022-Feb-05,88.8,2.37,,,,,,,,,,,,,,,,,,,,,,,,
Newfoundland,0,2022-Jul-07,88.17,2.32,,,,,,,,,,,,,,,,,,,,,,,,
Newfoundland,0,2023-Apr-17,83.64,2.89,,,,,,,,,,,,,,,,,,,,,,,,
Newfoundland,0,2023-Aug-05,83.84,2.72,,,,,,,,,,,,,,,,,,,,,,,,
Newfoundland,0,2029-Oct-17,66.24,3.26,,,,,,,,,,,,,,,,,,,,,,,,
NfldLabHydro,0,2017-Jul-14,99.62,0.83,,,,,,,,,,,,,,,,,,,,,,,,
NfldLabHydro,0,2017-Aug-27,99.52,0.82,,,,,,,,,,,,,,,,,,,,,,,,
NfldLabHydro,0,2018-Jul-14,98.37,1.12,,,,,,,,,,,,,,,,,,,,,,,,
NfldLabHydro,0,2019-Aug-27,96.79,1.26,,,,,,,,,,,,,,,,,,,,,,,,
NfldLabHydro,0,2020-Jul-14,94.22,1.72,,,,,,,,,,,,,,,,,,,,,,,,
NfldLabHydro,0,2020-Aug-27,94.03,1.72,,,,,,,,,,,,,,,,,,,,,,,,
NfldLabHydro,0,2022-Jan-14,89.34,2.28,,,,,,,,,,,,,,,,,,,,,,,,
NfldLabHydro,0,2028-Jul-14,70.02,3.13,,,,,,,,,,,,,,,,,,,,,,,,
NfldLabHydro,0,2029-Jan-14,67.9,3.26,,,,,,,,,,,,,,,,,,,,,,,,
NfldLabHydro,0,2029-Jul-14,68.13,3.1,,,,,,,,,,,,,,,,,,,,,,,,
NfldLabHydro,0,2030-Jul-14,66.77,3.02,,,,,,,,,,,,,,,,,,,,,,,,
NfldLabHydro,0,2031-Jan-14,62.68,3.37,,,,,,,,,,,,,,,,,,,,,,,,
NfldLabHydro,0,2031-Jul-14,61.88,3.35,,,,,,,,,,,,,,,,,,,,,,,,
NfldLabHydro,0,2033-Jan-14,58.12,3.43,,,,,,,,,,,,,,,,,,,,,,,,
Nova Scotia,0,2017-Jul-30,99.62,0.73,,,,,,,,,,,,,,,,,,,,,,,,
Nova Scotia,0,2018-Jan-30,98.99,1.01,,,,,,,,,,,,,,,,,,,,,,,,
Nova Scotia,0,2020-Jan-30,95.44,1.55,,,,,,,,,,,,,,,,,,,,,,,,
Nova Scotia,0,2021-Jan-30,93.09,1.79,,,,,,,,,,,,,,,,,,,,,,,,
Nova Scotia,0,2021-Jun-01,91.41,2.08,,,,,,,,,,,,,,,,,,,,,,,,
Nova Scotia,0,2021-Dec-01,91.06,1.94,,,,,,,,,,,,,,,,,,,,,,,,
Nova Scotia,0,2023-Jun-01,84.39,2.69,,,,,,,,,,,,,,,,,,,,,,,,
Nova Scotia,0,2023-Dec-01,82.43,2.84,,,,,,,,,,,,,,,,,,,,,,,,
Nova Scotia,0,2028-Jun-01,69.53,3.23,,,,,,,,,,,,,,,,,,,,,,,,
Nova Scotia,0,2029-Jun-01,66.96,3.27,,,,,,,,,,,,,,,,,,,,,,,,
Nova Scotia,0,2030-Jun-01,64.09,3.36,,,,,,,,,,,,,,,,,,,,,,,,
Ont Elec Fin,0,2017-Feb-06,99.98,0.67,,,,,,,,,,,,,,,,,,,,,,,,
Ont Elec Fin,0,2017-May-26,99.7,0.92,,,,,,,,,,,,,,,,,,,,,,,,
Ont Elec Fin,0,2017-May-27,99.7,0.89,,,,,,,,,,,,,,,,,,,,,,,,
Ont Elec Fin,0,2017-Aug-06,99.66,0.64,,,,,,,,,,,,,,,,,,,,,,,,
Ont Elec Fin,0,2017-Oct-01,99.37,0.93,,,,,,,,,,,,,,,,,,,,,,,,
Ont Elec Fin,0,2017-Oct-15,99.3,0.98,,,,,,,,,,,,,,,,,,,,,,,,
Ont Elec Fin,0,2017-Nov-26,99.29,0.86,,,,,,,,,,,,,,,,,,,,,,,,
Ont Elec Fin,0,2017-Nov-27,99.3,0.84,,,,,,,,,,,,,,,,,,,,,,,,
Ont Elec Fin,0,2018-Feb-06,98.78,1.2,,,,,,,,,,,,,,,,,,,,,,,,
Ont Elec Fin,0,2018-Apr-11,98.64,1.13,,,,,,,,,,,,,,,,,,,,,,,,
Ont Elec Fin,0,2018-Apr-17,98.85,0.95,,,,,,,,,,,,,,,,,,,,,,,,
Ont Elec Fin,0,2018-May-27,98.67,1,,,,,,,,,,,,,,,,,,,,,,,,
Ont Elec Fin,0,2018-Nov-26,97.53,1.37,,,,,,,,,,,,,,,,,,,,,,,,
Ont Elec Fin,0,2019-Feb-06,97.71,1.14,,,,,,,,,,,,,,,,,,,,,,,,
Ont Elec Fin,0,2019-Apr-01,97.67,1.09,,,,,,,,,,,,,,,,,,,,,,,,
Ont Elec Fin,0,2019-Apr-11,97.6,1.1,,,,,,,,,,,,,,,,,,,,,,,,
Ont Elec Fin,0,2019-May-26,96.64,1.47,,,,,,,,,,,,,,,,,,,,,,,,
Ont Elec Fin,0,2019-May-27,96.63,1.47,,,,,,,,,,,,,,,,,,,,,,,,
Ont Elec Fin,0,2019-Aug-06,97.3,1.08,,,,,,,,,,,,,,,,,,,,,,,,
Ont Elec Fin,0,2019-Aug-18,96.33,1.46,,,,,,,,,,,,,,,,,,,,,,,,
Ont Elec Fin,0,2019-Oct-01,96.24,1.43,,,,,,,,,,,,,,,,,,,,,,,,
Ont Elec Fin,0,2019-Nov-26,95.59,1.6,,,,,,,,,,,,,,,,,,,,,,,,
Ont Elec Fin,0,2019-Nov-27,96.38,1.3,,,,,,,,,,,,,,,,,,,,,,,,
Ont Elec Fin,0,2020-Feb-06,95.81,1.42,,,,,,,,,,,,,,,,,,,,,,,,
Ont Elec Fin,0,2020-Apr-17,95.77,1.34,,,,,,,,,,,,,,,,,,,,,,,,
Ont Elec Fin,0,2020-May-26,94.43,1.73,,,,,,,,,,,,,,,,,,,,,,,,
Ont Elec Fin,0,2020-May-27,94.79,1.61,,,,,,,,,,,,,,,,,,,,,,,,
Ont Elec Fin,0,2020-Aug-06,94.17,1.71,,,,,,,,,,,,,,,,,,,,,,,,
Ont Elec Fin,0,2020-Nov-26,93.1,1.87,,,,,,,,,,,,,,,,,,,,,,,,
Ont Elec Fin,0,2020-Nov-27,93.75,1.69,,,,,,,,,,,,,,,,,,,,,,,,
Ont Elec Fin,0,2021-Feb-18,92.78,1.85,,,,,,,,,,,,,,,,,,,,,,,,
Ont Elec Fin,0,2021-Apr-15,92.13,1.95,,,,,,,,,,,,,,,,,,,,,,,,
Ont Elec Fin,0,2021-Oct-15,91.45,1.9,,,,,,,,,,,,,,,,,,,,,,,,
Ont Elec Fin,0,2022-Feb-18,90.95,1.88,,,,,,,,,,,,,,,,,,,,,,,,
Ont Elec Fin,0,2022-Apr-17,90.35,1.95,,,,,,,,,,,,,,,,,,,,,,,,
Ont Elec Fin,0,2022-May-26,89.25,2.14,,,,,,,,,,,,,,,,,,,,,,,,
Ont Elec Fin,0,2022-Aug-18,88.86,2.13,,,,,,,,,,,,,,,,,,,,,,,,
Ont Elec Fin,0,2022-Nov-26,87.45,2.31,,,,,,,,,,,,,,,,,,,,,,,,
Ont Elec Fin,0,2023-Nov-26,84.19,2.53,,,,,,,,,,,,,,,,,,,,,,,,
Ont Elec Fin,0,2024-Nov-26,81.05,2.7,,,,,,,,,,,,,,,,,,,,,,,,
Ont Elec Fin,0,2025-May-26,80.5,2.62,,,,,,,,,,,,,,,,,,,,,,,,
Ont Elec Fin,0,2026-Jun-22,78.77,2.55,,,,,,,,,,,,,,,,,,,,,,,,
Ont Elec Fin,0,2026-Oct-17,76.69,2.75,,,,,,,,,,,,,,,,,,,,,,,,
Ont Elec Fin,0,2029-Apr-17,68.63,3.1,,,,,,,,,,,,,,,,,,,,,,,,
Ont Elec Fin,0,2029-Oct-17,66.31,3.25,,,,,,,,,,,,,,,,,,,,,,,,
Ont Hydro,0,2018-Oct-01,98.65,0.81,,,,,,,,,,,,,,,,,,,,,,,,
Ont Hydro,0,2018-Oct-15,97.86,1.26,,,,,,,,,,,,,,,,,,,,,,,,
Ont Hydro,0,2020-Apr-01,95.61,1.42,,,,,,,,,,,,,,,,,,,,,,,,
Ont Hydro,0,2021-Nov-26,90.47,2.08,,,,,,,,,,,,,,,,,,,,,,,,
Ontario Prov,0,2017-May-03,99.78,0.81,,,,,,,,,,,,,,,,,,,,,,,,
Ontario Prov,0,2017-Jun-02,99.71,0.84,,,,,,,,,,,,,,,,,,,,,,,,
Ontario Prov,0,2017-Dec-02,99.34,0.78,,,,,,,,,,,,,,,,,,,,,,,,
Ontario Prov,0,2018-Jan-10,99.07,0.98,,,,,,,,,,,,,,,,,,,,,,,,
Ontario Prov,0,2018-Jan-13,98.98,1.06,,,,,,,,,,,,,,,,,,,,,,,,
Ontario Prov,0,2018-Mar-08,98.68,1.19,,,,,,,,,,,,,,,,,,,,,,,,
Ontario Prov,0,2018-Jun-02,98.49,1.13,,,,,,,,,,,,,,,,,,,,,,,,
Ontario Prov,0,2018-Jul-10,98.38,1.13,,,,,,,,,,,,,,,,,,,,,,,,
Ontario Prov,0,2018-Nov-03,97.9,1.2,,,,,,,,,,,,,,,,,,,,,,,,
Ontario Prov,0,2019-Feb-07,97.83,1.08,,,,,,,,,,,,,,,,,,,,,,,,
Ontario Prov,0,2019-Jul-10,96.78,1.33,,,,,,,,,,,,,,,,,,,,,,,,
Ontario Prov,0,2019-Jul-13,96.54,1.43,,,,,,,,,,,,,,,,,,,,,,,,
Ontario Prov,0,2020-Jan-10,95.46,1.58,,,,,,,,,,,,,,,,,,,,,,,,
Ontario Prov,0,2020-Jun-02,94.63,1.65,,,,,,,,,,,,,,,,,,,,,,,,
Ontario Prov,0,2020-Jul-13,94.11,1.76,,,,,,,,,,,,,,,,,,,,,,,,
Ontario Prov,0,2020-Aug-07,94.16,1.71,,,,,,,,,,,,,,,,,,,,,,,,
Ontario Prov,0,2020-Sep-08,93.96,1.73,,,,,,,,,,,,,,,,,,,,,,,,
Ontario Prov,0,2020-Dec-02,93.5,1.75,,,,,,,,,,,,,,,,,,,,,,,,
Ontario Prov,0,2021-Feb-07,93.24,1.74,,,,,,,,,,,,,,,,,,,,,,,,
Ontario Prov,0,2021-Mar-08,93.34,1.68,,,,,,,,,,,,,,,,,,,,,,,,
Ontario Prov,0,2021-Jun-02,92.36,1.83,,,,,,,,,,,,,,,,,,,,,,,,
Ontario Prov,0,2021-Jul-13,92.07,1.86,,,,,,,,,,,,,,,,,,,,,,,,
Ontario Prov,0,2022-Jul-13,89.56,2.03,,,,,,,,,,,,,,,,,,,,,,,,
Ontario Prov,0,2022-Aug-07,88.91,2.14,,,,,,,,,,,,,,,,,,,,,,,,
Ontario Prov,0,2023-Jun-02,86.07,2.38,,,,,,,,,,,,,,,,,,,,,,,,
Ontario Prov,0,2023-Jul-13,86.62,2.23,,,,,,,,,,,,,,,,,,,,,,,,
Ontario Prov,0,2023-Aug-07,86.39,2.25,,,,,,,,,,,,,,,,,,,,,,,,
Ontario Prov,0,2023-Sep-08,86.28,2.24,,,,,,,,,,,,,,,,,,,,,,,,
Ontario Prov,0,2023-Dec-02,84.6,2.46,,,,,,,,,,,,,,,,,,,,,,,,
Ontario Prov,0,2024-Feb-07,84.43,2.42,,,,,,,,,,,,,,,,,,,,,,,,
Ontario Prov,0,2024-Mar-08,84.27,2.42,,,,,,,,,,,,,,,,,,,,,,,,
Ontario Prov,0,2024-Jul-13,83,2.51,,,,,,,,,,,,,,,,,,,,,,,,
Ontario Prov,0,2024-Dec-02,81.25,2.66,,,,,,,,,,,,,,,,,,,,,,,,
Ontario Prov,0,2025-Jan-13,82.8,2.38,,,,,,,,,,,,,,,,,,,,,,,,
Ontario Prov,0,2025-Jul-13,79.95,2.66,,,,,,,,,,,,,,,,,,,,,,,,
Ontario Prov,0,2025-Dec-02,78.37,2.77,,,,,,,,,,,,,,,,,,,,,,,,
Ontario Prov,0,2026-Jan-13,78.98,2.65,,,,,,,,,,,,,,,,,,,,,,,,
Ontario Prov,0,2026-Dec-02,74.81,2.97,,,,,,,,,,,,,,,,,,,,,,,,
Ontario Prov,0,2027-Jun-02,75.71,2.71,,,,,,,,,,,,,,,,,,,,,,,,
Ontario Prov,0,2027-Sep-08,75.04,2.72,,,,,,,,,,,,,,,,,,,,,,,,
Ontario Prov,0,2028-Jan-13,72.61,2.94,,,,,,,,,,,,,,,,,,,,,,,,
Ontario Prov,0,2028-Mar-08,71.78,3,,,,,,,,,,,,,,,,,,,,,,,,
Ontario Prov,0,2028-Jun-02,71.06,3.03,,,,,,,,,,,,,,,,,,,,,,,,
Ontario Prov,0,2028-Sep-08,70.75,3,,,,,,,,,,,,,,,,,,,,,,,,
Ontario Prov,0,2029-Mar-08,70.09,2.95,,,,,,,,,,,,,,,,,,,,,,,,
Ontario Prov,0,2029-Mar-08,70.84,2.87,,,,,,,,,,,,,,,,,,,,,,,,
Ontario Prov,0,2029-Jul-13,67.4,3.19,,,,,,,,,,,,,,,,,,,,,,,,
Ontario Prov,0,2030-Jan-13,68.27,2.97,,,,,,,,,,,,,,,,,,,,,,,,
Ontario Prov,0,2030-Jul-13,65.04,3.22,,,,,,,,,,,,,,,,,,,,,,,,
Ontario Prov,0,2031-Jan-13,64.97,3.11,,,,,,,,,,,,,,,,,,,,,,,,
Ontario Prov,0,2031-Jul-13,63.92,3.12,,,,,,,,,,,,,,,,,,,,,,,,
Ontario Prov,0,2032-Jan-13,61.3,3.3,,,,,,,,,,,,,,,,,,,,,,,,
Ontario Prov,0,2032-Jul-13,60.68,3.26,,,,,,,,,,,,,,,,,,,,,,,,
Ontario Prov,0,2034-Jan-13,57.13,3.33,,,,,,,,,,,,,,,,,,,,,,,,
Ontario Prov,0,2034-Jun-02,55.46,3.43,,,,,,,,,,,,,,,,,,,,,,,,
PEI,0,2018-Nov-19,97.86,1.19,,,,,,,,,,,,,,,,,,,,,,,,
PEI,0,2019-May-19,97.65,1.03,,,,,,,,,,,,,,,,,,,,,,,,
PEI,0,2019-Nov-19,96.86,1.14,,,,,,,,,,,,,,,,,,,,,,,,
PEI,0,2020-Jun-15,94.31,1.74,,,,,,,,,,,,,,,,,,,,,,,,
PEI,0,2021-Jan-29,92.69,1.9,,,,,,,,,,,,,,,,,,,,,,,,
PEI,0,2022-Jul-29,89.53,2.02,,,,,,,,,,,,,,,,,,,,,,,,
PEI,0,2023-Jun-15,85.02,2.56,,,,,,,,,,,,,,,,,,,,,,,,
PEI,0,2023-Jul-29,85.33,2.45,,,,,,,,,,,,,,,,,,,,,,,,
PEI,0,2024-Jan-17,85.06,2.33,,,,,,,,,,,,,,,,,,,,,,,,
PEI,0,2027-Jul-29,72.84,3.04,,,,,,,,,,,,,,,,,,,,,,,,
Quebec,0,2017-Mar-21,99.89,0.7,,,,,,,,,,,,,,,,,,,,,,,,
Quebec,0,2017-Mar-30,99.88,0.7,,,,,,,,,,,,,,,,,,,,,,,,
Quebec,0,2017-Apr-01,99.88,0.63,,,,,,,,,,,,,,,,,,,,,,,,
Quebec,0,2017-Jun-01,99.66,0.99,,,,,,,,,,,,,,,,,,,,,,,,
Quebec,0,2017-Dec-01,99.28,0.86,,,,,,,,,,,,,,,,,,,,,,,,
Quebec,0,2018-Apr-01,98.94,0.91,,,,,,,,,,,,,,,,,,,,,,,,
Quebec,0,2018-Jun-01,98.32,1.26,,,,,,,,,,,,,,,,,,,,,,,,
Quebec,0,2018-Jul-16,97.99,1.38,,,,,,,,,,,,,,,,,,,,,,,,
Quebec,0,2018-Sep-21,98.28,1.06,,,,,,,,,,,,,,,,,,,,,,,,
Quebec,0,2018-Oct-01,98.22,1.07,,,,,,,,,,,,,,,,,,,,,,,,
Quebec,0,2018-Dec-01,97.97,1.11,,,,,,,,,,,,,,,,,,,,,,,,
Quebec,0,2019-Apr-01,97.37,1.23,,,,,,,,,,,,,,,,,,,,,,,,
Quebec,0,2019-Jun-01,96.74,1.42,,,,,,,,,,,,,,,,,,,,,,,,
Quebec,0,2019-Dec-01,95.31,1.69,,,,,,,,,,,,,,,,,,,,,,,,
Quebec,0,2020-Jan-16,95.84,1.43,,,,,,,,,,,,,,,,,,,,,,,,
Quebec,0,2020-Jun-01,94.6,1.66,,,,,,,,,,,,,,,,,,,,,,,,
Quebec,0,2020-Sep-30,94.54,1.53,,,,,,,,,,,,,,,,,,,,,,,,
Quebec,0,2020-Dec-01,93.4,1.78,,,,,,,,,,,,,,,,,,,,,,,,
Quebec,0,2021-Jan-16,93.26,1.76,,,,,,,,,,,,,,,,,,,,,,,,
Quebec,0,2021-Mar-21,92.96,1.77,,,,,,,,,,,,,,,,,,,,,,,,
Quebec,0,2021-Jun-01,92.06,1.91,,,,,,,,,,,,,,,,,,,,,,,,
Quebec,0,2021-Jul-16,92.69,1.7,,,,,,,,,,,,,,,,,,,,,,,,
Quebec,0,2021-Sep-30,92.12,1.76,,,,,,,,,,,,,,,,,,,,,,,,
Quebec,0,2021-Dec-01,91.28,1.89,,,,,,,,,,,,,,,,,,,,,,,,
Quebec,0,2022-Mar-21,90.14,2.03,,,,,,,,,,,,,,,,,,,,,,,,
Quebec,0,2022-Apr-01,90.32,1.98,,,,,,,,,,,,,,,,,,,,,,,,
Quebec,0,2022-Jun-01,89.19,2.15,,,,,,,,,,,,,,,,,,,,,,,,
Quebec,0,2022-Sep-30,88.11,2.24,,,,,,,,,,,,,,,,,,,,,,,,
Quebec,0,2023-Jan-16,88.08,2.14,,,,,,,,,,,,,,,,,,,,,,,,
Quebec,0,2023-Mar-30,86.48,2.36,,,,,,,,,,,,,,,,,,,,,,,,
Quebec,0,2023-Jun-01,86.02,2.39,,,,,,,,,,,,,,,,,,,,,,,,
Quebec,0,2024-Jun-01,82.83,2.58,,,,,,,,,,,,,,,,,,,,,,,,
Quebec,0,2024-Dec-01,81.11,2.69,,,,,,,,,,,,,,,,,,,,,,,,
Quebec,0,2025-Apr-01,81.21,2.56,,,,,,,,,,,,,,,,,,,,,,,,
Quebec,0,2025-Jun-01,80.69,2.59,,,,,,,,,,,,,,,,,,,,,,,,
Quebec,0,2025-Oct-01,79.68,2.63,,,,,,,,,,,,,,,,,,,,,,,,
Quebec,0,2026-Dec-01,76.08,2.79,,,,,,,,,,,,,,,,,,,,,,,,
Quebec,0,2029-Jun-01,67.61,3.2,,,,,,,,,,,,,,,,,,,,,,,,
Quebec,0,2030-Jun-01,64.81,3.28,,,,,,,,,,,,,,,,,,,,,,,,
Quebec,0,2030-Dec-01,63.42,3.32,,,,,,,,,,,,,,,,,,,,,,,,
Quebec,0,2031-Jun-01,62.23,3.33,,,,,,,,,,,,,,,,,,,,,,,,
Quebec,0,2033-Jun-01,57.39,3.43,,,,,,,,,,,,,,,,,,,,,,,,
Quebec,0,2034-Oct-01,56.21,3.29,,,,,,,,,,,,,,,,,,,,,,,,
Rai Moulin,0,2018-May-06,97.97,1.61,,,,,,,,,,,,,,,,,,,,,,,,
Saskatchewan,0,2017-Aug-04,99.61,0.75,,,,,,,,,,,,,,,,,,,,,,,,
Saskatchewan,0,2018-May-30,98.58,1.06,,,,,,,,,,,,,,,,,,,,,,,,
Saskatchewan,0,2019-Mar-05,97.14,1.38,,,,,,,,,,,,,,,,,,,,,,,,
Saskatchewan,0,2019-Nov-30,96.49,1.26,,,,,,,,,,,,,,,,,,,,,,,,
Saskatchewan,0,2020-Feb-04,95.53,1.52,,,,,,,,,,,,,,,,,,,,,,,,
Saskatchewan,0,2020-Aug-04,94.99,1.46,,,,,,,,,,,,,,,,,,,,,,,,
Saskatchewan,0,2021-Feb-04,93.24,1.74,,,,,,,,,,,,,,,,,,,,,,,,
Saskatchewan,0,2030-Sep-05,63.8,3.33,,,,,,,,,,,,,,,,,,,,,,,,
Telus Commun,0,2025-Sep-22,73.58,3.58,,,,,,,,,,,,,,,,,,,,,,,,
TransAlta Co,0,2019-Nov-18,90.48,3.59,,,,,,,,,,,,,,,,,,,,,,,,
TransAlta Co,0,2020-Nov-25,86.96,3.68,,,,,,,,,,,,,,,,,,,,,,,,
TransAlta Ut,0,2019-Nov-25,90.86,3.42,,,,,,,,,,,,,,,,,,,,,,,,
TransCdaPipe,0,2018-Mar-20,98.61,1.22,,,,,,,,,,,,,,,,,,,,,,,,
TransCdaPipe,0,2020-Nov-20,91.35,2.38,,,,,,,,,,,,,,,,,,,,,,,,
,,,,,,,,,,,,,,,,,,,,,,,,,,,,
BC MFA,3.35,2022-Jun-01,106.73,2.02,,,,,,,,,,,,,,,,,,,,,,,,
Boucherville,4.5,2020-Jul-08,108.14,2.05,,,,,,,,,,,,,,,,,,,,,,,,
Chambord,2.25,2018-Feb-27,100.91,1.4,,,,,,,,,,,,,,,,,,,,,,,,
CoteGoLaure,2.25,2018-Sep-24,101.08,1.59,,,,,,,,,,,,,,,,,,,,,,,,
HaltonRegion,4.85,2017-Jun-26,101.7,0.78,,,,,,,,,,,,,,,,,,,,,,,,
Islet,2.3,2017-Nov-21,100.78,1.33,,,,,,,,,,,,,,,,,,,,,,,,
La Malbaie,1.6,2019-Mar-29,99.65,1.76,,,,,,,,,,,,,,,,,,,,,,,,
Landrienne,1.2,2017-Dec-06,99.88,1.33,,,,,,,,,,,,,,,,,,,,,,,,
Laval,4.7,2018-Mar-12,103.83,1.27,,,,,,,,,,,,,,,,,,,,,,,,
Laval,1.8,2018-Jun-18,100.73,1.27,,,,,,,,,,,,,,,,,,,,,,,,
Laval,5,2019-Mar-11,107.29,1.5,,,,,,,,,,,,,,,,,,,,,,,,
Longueuil,2.65,2018-Nov-20,101.85,1.61,,,,,,,,,,,,,,,,,,,,,,,,
Lorraine,2.3,2017-Dec-27,100.87,1.34,,,,,,,,,,,,,,,,,,,,,,,,
MetabetchTwn,2.35,2018-Jan-29,100.97,1.38,,,,,,,,,,,,,,,,,,,,,,,,
NB MFA,4.1,2017-Nov-06,102.49,0.88,,,,,,,,,,,,,,,,,,,,,,,,
NB MFA,2.15,2019-Dec-08,101.3,1.68,,,,,,,,,,,,,,,,,,,,,,,,
Quebec City,5.15,2019-Feb-19,107.44,1.48,,,,,,,,,,,,,,,,,,,,,,,,
Quebec City,3.2,2022-Feb-14,104.95,2.16,,,,,,,,,,,,,,,,,,,,,,,,
Quebec City,3.65,2023-Dec-04,106.44,2.62,,,,,,,,,,,,,,,,,,,,,,,,
Rai Moulin,4,2021-Oct-04,107.39,2.33,,,,,,,,,,,,,,,,,,,,,,,,
Saint Paul,2.1,2020-Jun-03,100.25,2.02,,,,,,,,,,,,,,,,,,,,,,,,
Sherbrooke,4.2,2021-Feb-08,107.72,2.19,,,,,,,,,,,,,,,,,,,,,,,,
StEustache,4.05,2020-Oct-05,106.87,2.11,,,,,,,,,,,,,,,,,,,,,,,,
StJoeDuLac,2.3,2017-Nov-21,100.78,1.33,,,,,,,,,,,,,,,,,,,,,,,,
StProsper,1.6,2018-May-19,100.02,1.58,,,,,,,,,,,,,,,,,,,,,,,,
SteAdele,1.65,2018-Sep-01,100.16,1.55,,,,,,,,,,,,,,,,,,,,,,,,
SteJulie,2.4,2019-Nov-19,101.26,1.94,,,,,,,,,,,,,,,,,,,,,,,,
SteMarie,4.25,2019-Dec-02,106.44,1.92,,,,,,,,,,,,,,,,,,,,,,,,
Terrebonne,2.8,2018-Sep-11,101.98,1.56,,,,,,,,,,,,,,,,,,,,,,,,
Toronto,3.4,2024-May-21,106.22,2.47,,,,,,,,,,,,,,,,,,,,,,,,
Toronto,2.4,2026-Jun-24,97.49,2.7,,,,,,,,,,,,,,,,,,,,,,,,
VaudrDorion,2.3,2020-Nov-03,100.63,2.13,,,,,,,,,,,,,,,,,,,,,,,,
WaterlooRM,2.2,2017-Nov-26,100.88,1.13,,,,,,,,,,,,,,,,,,,,,,,,
"Weedon, Muni",2.5,2017-Sep-26,100.79,1.31,,,,,,,,,,,,,,,,,,,,,,,,
York Region,4.6,2017-May-30,101.33,0.75,,,,,,,,,,,,,,,,,,,,,,,,